danceability,energy,key,loudness,mode,speechiness,acousticness,instrumentalness,liveness,valence,tempo,type,id,uri,track_href,analysis_url,duration_ms,time_signature,genre_tag,Genre
0.53,0.864,4,-4.948,0,0.061,0.000753,0.000459,0.354,0.484,166.312,audio_features,4TIJ7zSBNejpoIPaWpWRKc,spotify:track:4TIJ7zSBNejpoIPaWpWRKc,https://api.spotify.com/v1/tracks/4TIJ7zSBNejpoIPaWpWRKc,https://api.spotify.com/v1/audio-analysis/4TIJ7zSBNejpoIPaWpWRKc,288533,4,0,Rock
0.412,0.902,9,-11.6,1,0.405,0.0484,0.131,0.405,0.422,89.74,audio_features,0hCB0YR03f6AmQaHbwWDe8,spotify:track:0hCB0YR03f6AmQaHbwWDe8,https://api.spotify.com/v1/tracks/0hCB0YR03f6AmQaHbwWDe8,https://api.spotify.com/v1/audio-analysis/0hCB0YR03f6AmQaHbwWDe8,333893,4,0,Rock
0.31,0.7,9,-5.678,1,0.047,0.011,0.00965,0.0828,0.763,188.386,audio_features,08mG3Y1vljYA6bvDt4Wqkj,spotify:track:08mG3Y1vljYA6bvDt4Wqkj,https://api.spotify.com/v1/tracks/08mG3Y1vljYA6bvDt4Wqkj,https://api.spotify.com/v1/audio-analysis/08mG3Y1vljYA6bvDt4Wqkj,255493,4,0,Rock
0.307,0.433,1,-10.057,1,0.029,0.388,9.08e-05,0.332,0.224,160.9,audio_features,5MxNLUsfh7uzROypsoO5qe,spotify:track:5MxNLUsfh7uzROypsoO5qe,https://api.spotify.com/v1/tracks/5MxNLUsfh7uzROypsoO5qe,https://api.spotify.com/v1/audio-analysis/5MxNLUsfh7uzROypsoO5qe,266960,4,0,Rock
0.73,0.868,5,-7.325,1,0.0288,0.0632,0.0661,0.318,0.923,148.217,audio_features,6cr6UDpkjEaMQ80OjWqEBQ,spotify:track:6cr6UDpkjEaMQ80OjWqEBQ,https://api.spotify.com/v1/tracks/6cr6UDpkjEaMQ80OjWqEBQ,https://api.spotify.com/v1/audio-analysis/6cr6UDpkjEaMQ80OjWqEBQ,350400,4,0,Rock
0.438,0.805,8,-6.237,1,0.0624,0.00255,5.69e-05,0.0842,0.564,113.253,audio_features,2aoo2jlRnM3A0NyLQqMN2f,spotify:track:2aoo2jlRnM3A0NyLQqMN2f,https://api.spotify.com/v1/tracks/2aoo2jlRnM3A0NyLQqMN2f,https://api.spotify.com/v1/audio-analysis/2aoo2jlRnM3A0NyLQqMN2f,240800,4,0,Rock
0.742,0.833,2,-6.463,1,0.115,0.079,0.0,0.384,0.816,113.375,audio_features,39shmbIHICJ2Wxnk1fPSdz,spotify:track:39shmbIHICJ2Wxnk1fPSdz,https://api.spotify.com/v1/tracks/39shmbIHICJ2Wxnk1fPSdz,https://api.spotify.com/v1/audio-analysis/39shmbIHICJ2Wxnk1fPSdz,188987,4,0,Rock
0.505,0.836,5,-7.384,0,0.101,0.0103,0.0771,0.295,0.764,159.669,audio_features,1RJeiAIwR9pZBgJA8ndZLL,spotify:track:1RJeiAIwR9pZBgJA8ndZLL,https://api.spotify.com/v1/tracks/1RJeiAIwR9pZBgJA8ndZLL,https://api.spotify.com/v1/audio-analysis/1RJeiAIwR9pZBgJA8ndZLL,204480,4,0,Rock
0.676,0.92,9,-7.96,1,0.0435,0.00101,8.65e-06,0.248,0.624,126.341,audio_features,66lOpKgTyFjOrac4S1s94g,spotify:track:66lOpKgTyFjOrac4S1s94g,https://api.spotify.com/v1/tracks/66lOpKgTyFjOrac4S1s94g,https://api.spotify.com/v1/audio-analysis/66lOpKgTyFjOrac4S1s94g,269360,4,0,Rock
0.273,0.952,11,-8.762,1,0.0843,0.0169,0.0111,0.142,0.472,100.271,audio_features,3YBZIN3rekqsKxbJc9FZko,spotify:track:3YBZIN3rekqsKxbJc9FZko,https://api.spotify.com/v1/tracks/3YBZIN3rekqsKxbJc9FZko,https://api.spotify.com/v1/audio-analysis/3YBZIN3rekqsKxbJc9FZko,405640,4,0,Rock
0.55,0.824,2,-5.988,1,0.0334,0.448,0.000127,0.366,0.777,114.512,audio_features,7MRyJPksH3G2cXHN8UKYzP,spotify:track:7MRyJPksH3G2cXHN8UKYzP,https://api.spotify.com/v1/tracks/7MRyJPksH3G2cXHN8UKYzP,https://api.spotify.com/v1/audio-analysis/7MRyJPksH3G2cXHN8UKYzP,214733,4,0,Rock
0.933,0.528,5,-6.472,0,0.162,0.112,0.329,0.163,0.756,109.975,audio_features,57JVGBtBLCfHw2muk5416J,spotify:track:57JVGBtBLCfHw2muk5416J,https://api.spotify.com/v1/tracks/57JVGBtBLCfHw2muk5416J,https://api.spotify.com/v1/audio-analysis/57JVGBtBLCfHw2muk5416J,214653,4,0,Rock
0.623,0.709,1,-9.818,0,0.0636,0.102,0.0,0.0967,0.948,122.394,audio_features,0iA3xXSkSCiJywKyo1UKjQ,spotify:track:0iA3xXSkSCiJywKyo1UKjQ,https://api.spotify.com/v1/tracks/0iA3xXSkSCiJywKyo1UKjQ,https://api.spotify.com/v1/audio-analysis/0iA3xXSkSCiJywKyo1UKjQ,165381,4,0,Rock
0.315,0.534,9,-7.552,0,0.031,0.000825,0.108,0.101,0.283,116.891,audio_features,61Q9oJNd9hJQFhSDh6Qlap,spotify:track:61Q9oJNd9hJQFhSDh6Qlap,https://api.spotify.com/v1/tracks/61Q9oJNd9hJQFhSDh6Qlap,https://api.spotify.com/v1/audio-analysis/61Q9oJNd9hJQFhSDh6Qlap,269720,3,0,Rock
0.597,0.605,7,-12.013,1,0.0255,0.181,0.000331,0.118,0.886,97.782,audio_features,4CJVkjo5WpmUAKp3R44LNb,spotify:track:4CJVkjo5WpmUAKp3R44LNb,https://api.spotify.com/v1/tracks/4CJVkjo5WpmUAKp3R44LNb,https://api.spotify.com/v1/audio-analysis/4CJVkjo5WpmUAKp3R44LNb,281147,4,0,Rock
0.404,0.903,1,-3.88,1,0.0668,0.577,0.297,0.287,0.498,115.672,audio_features,3k9i7UzeSUYWIfUZFeFDUd,spotify:track:3k9i7UzeSUYWIfUZFeFDUd,https://api.spotify.com/v1/tracks/3k9i7UzeSUYWIfUZFeFDUd,https://api.spotify.com/v1/audio-analysis/3k9i7UzeSUYWIfUZFeFDUd,423840,4,0,Rock
0.427,0.665,2,-8.515,1,0.0405,0.0145,0.00242,0.699,0.442,142.702,audio_features,4cCQ0wBIc9YHhvOWvWNj7S,spotify:track:4cCQ0wBIc9YHhvOWvWNj7S,https://api.spotify.com/v1/tracks/4cCQ0wBIc9YHhvOWvWNj7S,https://api.spotify.com/v1/audio-analysis/4cCQ0wBIc9YHhvOWvWNj7S,409520,4,0,Rock
0.741,0.697,0,-7.028,1,0.0277,0.0664,2.28e-05,0.133,0.774,116.109,audio_features,2LawezPeJhN4AWuSB0GtAU,spotify:track:2LawezPeJhN4AWuSB0GtAU,https://api.spotify.com/v1/tracks/2LawezPeJhN4AWuSB0GtAU,https://api.spotify.com/v1/audio-analysis/2LawezPeJhN4AWuSB0GtAU,160133,4,0,Rock
0.663,0.712,2,-7.268,1,0.0479,0.524,0.0,0.0804,0.527,113.439,audio_features,2aSFLiDPreOVP6KHiWk4lF,spotify:track:2aSFLiDPreOVP6KHiWk4lF,https://api.spotify.com/v1/tracks/2aSFLiDPreOVP6KHiWk4lF,https://api.spotify.com/v1/audio-analysis/2aSFLiDPreOVP6KHiWk4lF,236520,4,0,Rock
0.545,0.64,4,-9.937,0,0.224,0.00249,0.0304,0.196,0.606,80.544,audio_features,70YvYr2hGlS01bKRIho1HM,spotify:track:70YvYr2hGlS01bKRIho1HM,https://api.spotify.com/v1/tracks/70YvYr2hGlS01bKRIho1HM,https://api.spotify.com/v1/audio-analysis/70YvYr2hGlS01bKRIho1HM,230480,4,0,Rock
0.574,0.913,6,-4.793,0,0.133,0.061,0.00158,0.156,0.423,115.728,audio_features,2zYzyRzz6pRmhPzyfMEC8s,spotify:track:2zYzyRzz6pRmhPzyfMEC8s,https://api.spotify.com/v1/tracks/2zYzyRzz6pRmhPzyfMEC8s,https://api.spotify.com/v1/audio-analysis/2zYzyRzz6pRmhPzyfMEC8s,208400,4,0,Rock
0.546,0.529,9,-13.6,1,0.0436,0.0629,0.000567,0.0383,0.574,151.727,audio_features,2X6gdRlGOQgfaXU9ALUQFQ,spotify:track:2X6gdRlGOQgfaXU9ALUQFQ,https://api.spotify.com/v1/tracks/2X6gdRlGOQgfaXU9ALUQFQ,https://api.spotify.com/v1/audio-analysis/2X6gdRlGOQgfaXU9ALUQFQ,271000,4,0,Rock
0.564,0.932,11,-10.068,1,0.0554,0.013,0.169,0.349,0.619,112.937,audio_features,78lgmZwycJ3nzsdgmPPGNx,spotify:track:78lgmZwycJ3nzsdgmPPGNx,https://api.spotify.com/v1/tracks/78lgmZwycJ3nzsdgmPPGNx,https://api.spotify.com/v1/audio-analysis/78lgmZwycJ3nzsdgmPPGNx,146250,4,0,Rock
0.454,0.91,6,-7.766,1,0.0448,0.0866,0.0996,0.116,0.629,125.116,audio_features,7o2CTH4ctstm8TNelqjb51,spotify:track:7o2CTH4ctstm8TNelqjb51,https://api.spotify.com/v1/tracks/7o2CTH4ctstm8TNelqjb51,https://api.spotify.com/v1/audio-analysis/7o2CTH4ctstm8TNelqjb51,354520,4,0,Rock
0.813,0.46,1,-9.78,1,0.0346,0.56,0.0105,0.0724,0.729,117.387,audio_features,2sXp9Qmvc7mRaDBjBgcGGi,spotify:track:2sXp9Qmvc7mRaDBjBgcGGi,https://api.spotify.com/v1/tracks/2sXp9Qmvc7mRaDBjBgcGGi,https://api.spotify.com/v1/audio-analysis/2sXp9Qmvc7mRaDBjBgcGGi,253887,4,0,Rock
0.414,0.404,0,-9.928,0,0.0499,0.271,0.0,0.3,0.224,71.105,audio_features,1AhDOtG9vPSOmsWgNW0BEY,spotify:track:1AhDOtG9vPSOmsWgNW0BEY,https://api.spotify.com/v1/tracks/1AhDOtG9vPSOmsWgNW0BEY,https://api.spotify.com/v1/audio-analysis/1AhDOtG9vPSOmsWgNW0BEY,354320,4,0,Rock
0.636,0.746,0,-3.785,1,0.0393,0.0648,0.29,0.173,0.432,132.31,audio_features,5e6x5YRnMJIKvYpZxLqdpH,spotify:track:5e6x5YRnMJIKvYpZxLqdpH,https://api.spotify.com/v1/tracks/5e6x5YRnMJIKvYpZxLqdpH,https://api.spotify.com/v1/audio-analysis/5e6x5YRnMJIKvYpZxLqdpH,138053,4,0,Rock
0.453,0.464,2,-10.96,1,0.0431,0.302,5.96e-05,0.152,0.658,93.19,audio_features,1IqFh00G2kvvMm8pRMpehA,spotify:track:1IqFh00G2kvvMm8pRMpehA,https://api.spotify.com/v1/tracks/1IqFh00G2kvvMm8pRMpehA,https://api.spotify.com/v1/audio-analysis/1IqFh00G2kvvMm8pRMpehA,271333,4,0,Rock
0.654,0.506,11,-17.18,0,0.0535,0.686,0.0155,0.155,0.831,123.179,audio_features,54eZmuggBFJbV7k248bTTt,spotify:track:54eZmuggBFJbV7k248bTTt,https://api.spotify.com/v1/tracks/54eZmuggBFJbV7k248bTTt,https://api.spotify.com/v1/audio-analysis/54eZmuggBFJbV7k248bTTt,252240,4,0,Rock
0.426,0.619,4,-11.501,0,0.0722,8.44e-05,0.00239,0.17,0.382,162.721,audio_features,1Ly0ssAgeM7YqdHptao8Oe,spotify:track:1Ly0ssAgeM7YqdHptao8Oe,https://api.spotify.com/v1/tracks/1Ly0ssAgeM7YqdHptao8Oe,https://api.spotify.com/v1/audio-analysis/1Ly0ssAgeM7YqdHptao8Oe,168440,4,0,Rock
0.668,0.906,11,-4.881,0,0.17,0.214,0.00245,0.135,0.507,135.653,audio_features,2d4e45fmUnguxh6yqC7gNT,spotify:track:2d4e45fmUnguxh6yqC7gNT,https://api.spotify.com/v1/tracks/2d4e45fmUnguxh6yqC7gNT,https://api.spotify.com/v1/audio-analysis/2d4e45fmUnguxh6yqC7gNT,231933,4,0,Rock
0.361,0.97,7,-4.817,0,0.284,0.00169,0.00163,0.357,0.254,179.017,audio_features,7GonnnalI2s19OCQO1J7Tf,spotify:track:7GonnnalI2s19OCQO1J7Tf,https://api.spotify.com/v1/tracks/7GonnnalI2s19OCQO1J7Tf,https://api.spotify.com/v1/audio-analysis/7GonnnalI2s19OCQO1J7Tf,282920,4,0,Rock
0.806,0.462,2,-12.778,1,0.0298,0.78,0.0134,0.15,0.736,92.726,audio_features,1JkZg3eMQTmTn93E8Yd3UL,spotify:track:1JkZg3eMQTmTn93E8Yd3UL,https://api.spotify.com/v1/tracks/1JkZg3eMQTmTn93E8Yd3UL,https://api.spotify.com/v1/audio-analysis/1JkZg3eMQTmTn93E8Yd3UL,191227,4,0,Rock
0.611,0.883,9,-11.225,1,0.0539,0.0846,1.2e-06,0.192,0.604,117.928,audio_features,2HXixVqzzm9rEUIMAWzshl,spotify:track:2HXixVqzzm9rEUIMAWzshl,https://api.spotify.com/v1/tracks/2HXixVqzzm9rEUIMAWzshl,https://api.spotify.com/v1/audio-analysis/2HXixVqzzm9rEUIMAWzshl,246800,4,0,Rock
0.398,0.952,4,-6.042,1,0.061,0.000373,7.75e-05,0.1,0.584,122.093,audio_features,0dOg1ySSI7NkpAe89Zo0b9,spotify:track:0dOg1ySSI7NkpAe89Zo0b9,https://api.spotify.com/v1/tracks/0dOg1ySSI7NkpAe89Zo0b9,https://api.spotify.com/v1/audio-analysis/0dOg1ySSI7NkpAe89Zo0b9,278680,4,0,Rock
0.533,0.376,9,-11.913,0,0.0393,0.0302,0.248,0.0926,0.187,165.007,audio_features,2EqlS6tkEnglzr7tkKAAYD,spotify:track:2EqlS6tkEnglzr7tkKAAYD,https://api.spotify.com/v1/tracks/2EqlS6tkEnglzr7tkKAAYD,https://api.spotify.com/v1/audio-analysis/2EqlS6tkEnglzr7tkKAAYD,259947,4,0,Rock
0.483,0.786,7,-5.735,1,0.0319,0.00316,8.86e-05,0.446,0.793,126.748,audio_features,4DMKwE2E2iYDKY01C335Uw,spotify:track:4DMKwE2E2iYDKY01C335Uw,https://api.spotify.com/v1/tracks/4DMKwE2E2iYDKY01C335Uw,https://api.spotify.com/v1/audio-analysis/4DMKwE2E2iYDKY01C335Uw,323000,4,0,Rock
0.694,0.394,0,-15.881,1,0.0428,0.0781,0.000677,0.247,0.719,104.126,audio_features,4gMgiXfqyzZLMhsksGmbQV,spotify:track:4gMgiXfqyzZLMhsksGmbQV,https://api.spotify.com/v1/tracks/4gMgiXfqyzZLMhsksGmbQV,https://api.spotify.com/v1/audio-analysis/4gMgiXfqyzZLMhsksGmbQV,238747,4,0,Rock
0.591,0.804,0,-7.299,1,0.0454,0.327,5.98e-06,0.0818,0.658,111.457,audio_features,5LNiqEqpDc8TuqPy79kDBu,spotify:track:5LNiqEqpDc8TuqPy79kDBu,https://api.spotify.com/v1/tracks/5LNiqEqpDc8TuqPy79kDBu,https://api.spotify.com/v1/audio-analysis/5LNiqEqpDc8TuqPy79kDBu,329413,4,0,Rock
0.647,0.762,2,-5.856,1,0.0287,0.0599,3.35e-06,0.0705,0.93,89.837,audio_features,6NxsCnLeLd8Ai1TrgGxzIx,spotify:track:6NxsCnLeLd8Ai1TrgGxzIx,https://api.spotify.com/v1/tracks/6NxsCnLeLd8Ai1TrgGxzIx,https://api.spotify.com/v1/audio-analysis/6NxsCnLeLd8Ai1TrgGxzIx,141600,4,0,Rock
0.632,0.586,0,-11.333,1,0.0284,0.0983,0.581,0.0535,0.89,114.243,audio_features,5SAUIWdZ04OxYfJFDchC7S,spotify:track:5SAUIWdZ04OxYfJFDchC7S,https://api.spotify.com/v1/tracks/5SAUIWdZ04OxYfJFDchC7S,https://api.spotify.com/v1/audio-analysis/5SAUIWdZ04OxYfJFDchC7S,342173,4,0,Rock
0.623,0.449,5,-13.333,1,0.0253,0.212,0.0,0.0613,0.572,84.383,audio_features,5tVA6TkbaAH9QMITTQRrNv,spotify:track:5tVA6TkbaAH9QMITTQRrNv,https://api.spotify.com/v1/tracks/5tVA6TkbaAH9QMITTQRrNv,https://api.spotify.com/v1/audio-analysis/5tVA6TkbaAH9QMITTQRrNv,256000,4,0,Rock
0.5,0.748,4,-9.072,1,0.0363,0.127,0.0,0.447,0.514,118.852,audio_features,4bHsxqR3GMrXTxEPLuK5ue,spotify:track:4bHsxqR3GMrXTxEPLuK5ue,https://api.spotify.com/v1/tracks/4bHsxqR3GMrXTxEPLuK5ue,https://api.spotify.com/v1/audio-analysis/4bHsxqR3GMrXTxEPLuK5ue,250987,4,0,Rock
0.572,0.835,0,-6.219,1,0.0317,0.171,0.000376,0.0702,0.796,129.994,audio_features,7N3PAbqfTjSEU1edb2tY8j,spotify:track:7N3PAbqfTjSEU1edb2tY8j,https://api.spotify.com/v1/tracks/7N3PAbqfTjSEU1edb2tY8j,https://api.spotify.com/v1/audio-analysis/7N3PAbqfTjSEU1edb2tY8j,241600,4,0,Rock
0.723,0.863,2,-7.89,1,0.0338,0.0383,0.0317,0.128,0.931,136.302,audio_features,2PzU4IB8Dr6mxV3lHuaG34,spotify:track:2PzU4IB8Dr6mxV3lHuaG34,https://api.spotify.com/v1/tracks/2PzU4IB8Dr6mxV3lHuaG34,https://api.spotify.com/v1/audio-analysis/2PzU4IB8Dr6mxV3lHuaG34,222813,4,0,Rock
0.547,0.691,4,-13.553,0,0.0369,0.015,0.105,0.144,0.667,137.148,audio_features,4KfSdst7rW39C0sfhArdrz,spotify:track:4KfSdst7rW39C0sfhArdrz,https://api.spotify.com/v1/tracks/4KfSdst7rW39C0sfhArdrz,https://api.spotify.com/v1/audio-analysis/4KfSdst7rW39C0sfhArdrz,261933,4,0,Rock
0.475,0.322,7,-10.687,1,0.0283,0.367,0.00056,0.11,0.387,93.503,audio_features,6zeE5tKyr8Nu882DQhhSQI,spotify:track:6zeE5tKyr8Nu882DQhhSQI,https://api.spotify.com/v1/tracks/6zeE5tKyr8Nu882DQhhSQI,https://api.spotify.com/v1/audio-analysis/6zeE5tKyr8Nu882DQhhSQI,206267,4,0,Rock
0.575,0.318,0,-16.729,1,0.109,0.683,0.000202,0.0934,0.385,104.522,audio_features,5p3JunprHCxClJjOmcLV8G,spotify:track:5p3JunprHCxClJjOmcLV8G,https://api.spotify.com/v1/tracks/5p3JunprHCxClJjOmcLV8G,https://api.spotify.com/v1/audio-analysis/5p3JunprHCxClJjOmcLV8G,254173,4,0,Rock
0.294,0.641,11,-9.316,1,0.0291,0.0163,0.22,0.112,0.226,79.759,audio_features,3YRCqOhFifThpSRFJ1VWFM,spotify:track:3YRCqOhFifThpSRFJ1VWFM,https://api.spotify.com/v1/tracks/3YRCqOhFifThpSRFJ1VWFM,https://api.spotify.com/v1/audio-analysis/3YRCqOhFifThpSRFJ1VWFM,536067,4,0,Rock
0.629,0.785,5,-10.761,1,0.0471,0.0249,9.45e-06,0.0522,0.869,108.531,audio_features,2vX5WL7s6UdeQyweZEx7PP,spotify:track:2vX5WL7s6UdeQyweZEx7PP,https://api.spotify.com/v1/tracks/2vX5WL7s6UdeQyweZEx7PP,https://api.spotify.com/v1/audio-analysis/2vX5WL7s6UdeQyweZEx7PP,211027,4,0,Rock
0.754,0.759,9,-5.218,1,0.302,0.153,0.000108,0.101,0.435,126.366,audio_features,7LRMbd3LEoV5wZJvXT1Lwb,spotify:track:7LRMbd3LEoV5wZJvXT1Lwb,https://api.spotify.com/v1/tracks/7LRMbd3LEoV5wZJvXT1Lwb,https://api.spotify.com/v1/audio-analysis/7LRMbd3LEoV5wZJvXT1Lwb,214667,4,0,Rock
0.534,0.887,0,-3.777,1,0.0345,0.0768,9.93e-05,0.325,0.72,122.494,audio_features,0J6mQxEZnlRt9ymzFntA6z,spotify:track:0J6mQxEZnlRt9ymzFntA6z,https://api.spotify.com/v1/tracks/0J6mQxEZnlRt9ymzFntA6z,https://api.spotify.com/v1/audio-analysis/0J6mQxEZnlRt9ymzFntA6z,249293,4,0,Rock
0.757,0.868,9,-9.326,1,0.062,0.411,0.00221,0.355,0.815,138.923,audio_features,5UwbnHhjnbinJH8TefuQfN,spotify:track:5UwbnHhjnbinJH8TefuQfN,https://api.spotify.com/v1/tracks/5UwbnHhjnbinJH8TefuQfN,https://api.spotify.com/v1/audio-analysis/5UwbnHhjnbinJH8TefuQfN,199200,4,0,Rock
0.333,0.927,9,-8.55,0,0.0733,0.0029,0.000211,0.297,0.382,141.47,audio_features,5QTxFnGygVM4jFQiBovmRo,spotify:track:5QTxFnGygVM4jFQiBovmRo,https://api.spotify.com/v1/tracks/5QTxFnGygVM4jFQiBovmRo,https://api.spotify.com/v1/audio-analysis/5QTxFnGygVM4jFQiBovmRo,308120,4,0,Rock
0.667,0.755,9,-7.246,1,0.069,0.0966,6.94e-05,0.0523,0.883,109.535,audio_features,6gXrEUzibufX9xYPk3HD5p,spotify:track:6gXrEUzibufX9xYPk3HD5p,https://api.spotify.com/v1/tracks/6gXrEUzibufX9xYPk3HD5p,https://api.spotify.com/v1/audio-analysis/6gXrEUzibufX9xYPk3HD5p,286220,4,0,Rock
0.377,0.682,7,-8.039,1,0.0299,0.000894,0.00217,0.0504,0.288,108.736,audio_features,32kgOw8wejH7zUhtXCM8DH,spotify:track:32kgOw8wejH7zUhtXCM8DH,https://api.spotify.com/v1/tracks/32kgOw8wejH7zUhtXCM8DH,https://api.spotify.com/v1/audio-analysis/32kgOw8wejH7zUhtXCM8DH,285133,4,0,Rock
0.63,0.616,1,-8.128,0,0.0309,0.463,0.0408,0.173,0.509,118.65,audio_features,1dv3ePjze9tPq2pk8eWJdR,spotify:track:1dv3ePjze9tPq2pk8eWJdR,https://api.spotify.com/v1/tracks/1dv3ePjze9tPq2pk8eWJdR,https://api.spotify.com/v1/audio-analysis/1dv3ePjze9tPq2pk8eWJdR,270773,4,0,Rock
0.438,0.71,2,-12.412,1,0.0919,0.262,0.537,0.221,0.53,145.928,audio_features,63OFKbMaZSDZ4wtesuuq6f,spotify:track:63OFKbMaZSDZ4wtesuuq6f,https://api.spotify.com/v1/tracks/63OFKbMaZSDZ4wtesuuq6f,https://api.spotify.com/v1/audio-analysis/63OFKbMaZSDZ4wtesuuq6f,210373,4,0,Rock
0.766,0.446,2,-13.079,1,0.0867,0.25,0.000704,0.318,0.743,119.774,audio_features,7IhkWF9zpiYKlU7CxHxYT9,spotify:track:7IhkWF9zpiYKlU7CxHxYT9,https://api.spotify.com/v1/tracks/7IhkWF9zpiYKlU7CxHxYT9,https://api.spotify.com/v1/audio-analysis/7IhkWF9zpiYKlU7CxHxYT9,332907,4,0,Rock
0.279,0.852,7,-7.838,1,0.0511,0.0119,0.076,0.0624,0.438,117.418,audio_features,4JNi40t7xR5bO3PWxRkiPN,spotify:track:4JNi40t7xR5bO3PWxRkiPN,https://api.spotify.com/v1/tracks/4JNi40t7xR5bO3PWxRkiPN,https://api.spotify.com/v1/audio-analysis/4JNi40t7xR5bO3PWxRkiPN,558933,4,0,Rock
0.532,0.767,7,-5.509,1,0.0574,0.00287,0.000513,0.39,0.755,127.361,audio_features,2SiXAy7TuUkycRVbbWDEpo,spotify:track:2SiXAy7TuUkycRVbbWDEpo,https://api.spotify.com/v1/tracks/2SiXAy7TuUkycRVbbWDEpo,https://api.spotify.com/v1/audio-analysis/2SiXAy7TuUkycRVbbWDEpo,210173,4,0,Rock
0.469,0.537,9,-10.421,1,0.152,0.0241,0.00201,0.269,0.783,124.193,audio_features,3aoDEt6zSuYQ47gzarlaVo,spotify:track:3aoDEt6zSuYQ47gzarlaVo,https://api.spotify.com/v1/tracks/3aoDEt6zSuYQ47gzarlaVo,https://api.spotify.com/v1/audio-analysis/3aoDEt6zSuYQ47gzarlaVo,382834,1,0,Rock
0.453,0.906,9,-4.001,1,0.115,0.361,0.000569,0.26,0.473,137.575,audio_features,2b9lp5A6CqSzwOrBfAFhof,spotify:track:2b9lp5A6CqSzwOrBfAFhof,https://api.spotify.com/v1/tracks/2b9lp5A6CqSzwOrBfAFhof,https://api.spotify.com/v1/audio-analysis/2b9lp5A6CqSzwOrBfAFhof,296200,4,0,Rock
0.456,0.978,10,-4.869,0,0.112,0.0301,0.499,0.313,0.327,123.411,audio_features,0eFvoRSTTaR2q8bSWVjwfp,spotify:track:0eFvoRSTTaR2q8bSWVjwfp,https://api.spotify.com/v1/tracks/0eFvoRSTTaR2q8bSWVjwfp,https://api.spotify.com/v1/audio-analysis/0eFvoRSTTaR2q8bSWVjwfp,271867,4,0,Rock
0.619,0.703,10,-9.414,0,0.0525,0.00388,0.205,0.163,0.709,115.043,audio_features,0F0MA0ns8oXwGw66B2BSXm,spotify:track:0F0MA0ns8oXwGw66B2BSXm,https://api.spotify.com/v1/tracks/0F0MA0ns8oXwGw66B2BSXm,https://api.spotify.com/v1/audio-analysis/0F0MA0ns8oXwGw66B2BSXm,457133,4,0,Rock
0.653,0.519,2,-10.164,1,0.0497,0.406,0.0209,0.101,0.822,98.883,audio_features,1qRA5BS78u3gME0loMl9AA,spotify:track:1qRA5BS78u3gME0loMl9AA,https://api.spotify.com/v1/tracks/1qRA5BS78u3gME0loMl9AA,https://api.spotify.com/v1/audio-analysis/1qRA5BS78u3gME0loMl9AA,153693,4,0,Rock
0.489,0.724,5,-8.367,1,0.0352,0.313,0.185,0.287,0.15,117.292,audio_features,2KmEgiY8fQs0G6WNxtzQKr,spotify:track:2KmEgiY8fQs0G6WNxtzQKr,https://api.spotify.com/v1/tracks/2KmEgiY8fQs0G6WNxtzQKr,https://api.spotify.com/v1/audio-analysis/2KmEgiY8fQs0G6WNxtzQKr,300400,4,0,Rock
0.691,0.592,2,-8.089,1,0.0366,0.389,3.29e-05,0.124,0.736,115.152,audio_features,5y4761pjcksXs1hNsCmc4n,spotify:track:5y4761pjcksXs1hNsCmc4n,https://api.spotify.com/v1/tracks/5y4761pjcksXs1hNsCmc4n,https://api.spotify.com/v1/audio-analysis/5y4761pjcksXs1hNsCmc4n,250400,4,0,Rock
0.693,0.497,2,-7.316,1,0.119,0.679,0.0,0.258,0.473,81.308,audio_features,54flyrjcdnQdco7300avMJ,spotify:track:54flyrjcdnQdco7300avMJ,https://api.spotify.com/v1/tracks/54flyrjcdnQdco7300avMJ,https://api.spotify.com/v1/audio-analysis/54flyrjcdnQdco7300avMJ,122067,4,0,Rock
0.729,0.989,9,-4.613,0,0.049,0.0102,4.45e-05,0.443,0.84,126.47,audio_features,51H2y6YrNNXcy3dfc3qSbA,spotify:track:51H2y6YrNNXcy3dfc3qSbA,https://api.spotify.com/v1/tracks/51H2y6YrNNXcy3dfc3qSbA,https://api.spotify.com/v1/audio-analysis/51H2y6YrNNXcy3dfc3qSbA,352906,4,0,Rock
0.786,0.87,1,-3.875,0,0.0316,0.413,0.000494,0.0389,0.864,100.66,audio_features,0832Tptls5YicHPGgw7ssP,spotify:track:0832Tptls5YicHPGgw7ssP,https://api.spotify.com/v1/tracks/0832Tptls5YicHPGgw7ssP,https://api.spotify.com/v1/audio-analysis/0832Tptls5YicHPGgw7ssP,265173,4,0,Rock
0.484,0.711,2,-7.784,1,0.0331,0.0183,0.173,0.0941,0.49,148.189,audio_features,2f0P7iELCvAlV8j6Z3rGDE,spotify:track:2f0P7iELCvAlV8j6Z3rGDE,https://api.spotify.com/v1/tracks/2f0P7iELCvAlV8j6Z3rGDE,https://api.spotify.com/v1/audio-analysis/2f0P7iELCvAlV8j6Z3rGDE,503067,4,0,Rock
0.644,0.919,2,-6.289,1,0.0561,0.181,0.134,0.622,0.871,117.459,audio_features,38Ngied9rBORlAbLYNCl4k,spotify:track:38Ngied9rBORlAbLYNCl4k,https://api.spotify.com/v1/tracks/38Ngied9rBORlAbLYNCl4k,https://api.spotify.com/v1/audio-analysis/38Ngied9rBORlAbLYNCl4k,259907,4,0,Rock
0.543,0.715,2,-8.89,1,0.0356,0.0192,0.0,0.256,0.468,124.011,audio_features,1zGk1kgAxCpg6PHjGuLe4J,spotify:track:1zGk1kgAxCpg6PHjGuLe4J,https://api.spotify.com/v1/tracks/1zGk1kgAxCpg6PHjGuLe4J,https://api.spotify.com/v1/audio-analysis/1zGk1kgAxCpg6PHjGuLe4J,180943,4,0,Rock
0.476,0.717,9,-9.192,1,0.0949,0.0382,7.61e-05,0.0818,0.753,93.584,audio_features,0QwZfbw26QeUoIy82Z2jYp,spotify:track:0QwZfbw26QeUoIy82Z2jYp,https://api.spotify.com/v1/tracks/0QwZfbw26QeUoIy82Z2jYp,https://api.spotify.com/v1/audio-analysis/0QwZfbw26QeUoIy82Z2jYp,166267,4,0,Rock
0.421,0.677,4,-6.183,1,0.0343,0.000989,9.65e-05,0.211,0.683,127.67,audio_features,3sY6z4pGcxpMwx3W026WtU,spotify:track:3sY6z4pGcxpMwx3W026WtU,https://api.spotify.com/v1/tracks/3sY6z4pGcxpMwx3W026WtU,https://api.spotify.com/v1/audio-analysis/3sY6z4pGcxpMwx3W026WtU,303587,4,0,Rock
0.654,0.929,1,-5.906,1,0.0998,0.0468,0.0,0.0539,0.902,144.774,audio_features,6KTv0Z8BmVqM7DPxbGzpVC,spotify:track:6KTv0Z8BmVqM7DPxbGzpVC,https://api.spotify.com/v1/tracks/6KTv0Z8BmVqM7DPxbGzpVC,https://api.spotify.com/v1/audio-analysis/6KTv0Z8BmVqM7DPxbGzpVC,168840,4,0,Rock
0.336,0.792,9,-10.875,1,0.0848,0.00349,0.00178,0.0437,0.425,155.588,audio_features,3IOQZRcEkplCXg6LofKqE9,spotify:track:3IOQZRcEkplCXg6LofKqE9,https://api.spotify.com/v1/tracks/3IOQZRcEkplCXg6LofKqE9,https://api.spotify.com/v1/audio-analysis/3IOQZRcEkplCXg6LofKqE9,355304,4,0,Rock
0.645,0.598,1,-13.18,0,0.0335,0.221,3.53e-06,0.0721,0.913,105.929,audio_features,7Ar4G7Ci11gpt6sfH9Cgz5,spotify:track:7Ar4G7Ci11gpt6sfH9Cgz5,https://api.spotify.com/v1/tracks/7Ar4G7Ci11gpt6sfH9Cgz5,https://api.spotify.com/v1/audio-analysis/7Ar4G7Ci11gpt6sfH9Cgz5,227267,4,0,Rock
0.432,0.389,7,-6.517,1,0.0255,0.687,0.0107,0.0788,0.158,139.506,audio_features,52dm9op3rbfAkc1LGXgipW,spotify:track:52dm9op3rbfAkc1LGXgipW,https://api.spotify.com/v1/tracks/52dm9op3rbfAkc1LGXgipW,https://api.spotify.com/v1/audio-analysis/52dm9op3rbfAkc1LGXgipW,341773,4,0,Rock
0.402,0.814,10,-4.954,1,0.14,0.0383,1.19e-06,0.266,0.516,170.02,audio_features,5eYwDBLucWfWI5KsV7oYX2,spotify:track:5eYwDBLucWfWI5KsV7oYX2,https://api.spotify.com/v1/tracks/5eYwDBLucWfWI5KsV7oYX2,https://api.spotify.com/v1/audio-analysis/5eYwDBLucWfWI5KsV7oYX2,272267,4,0,Rock
0.483,0.615,2,-8.538,1,0.0497,0.452,0.000414,0.0512,0.594,80.576,audio_features,6Vjk8MNXpQpi0F4BefdTyq,spotify:track:6Vjk8MNXpQpi0F4BefdTyq,https://api.spotify.com/v1/tracks/6Vjk8MNXpQpi0F4BefdTyq,https://api.spotify.com/v1/audio-analysis/6Vjk8MNXpQpi0F4BefdTyq,517125,3,0,Rock
0.392,0.534,0,-8.793,1,0.0369,0.245,0.00104,0.155,0.325,181.305,audio_features,3G69vJMWsX6ZohTykad2AU,spotify:track:3G69vJMWsX6ZohTykad2AU,https://api.spotify.com/v1/tracks/3G69vJMWsX6ZohTykad2AU,https://api.spotify.com/v1/audio-analysis/3G69vJMWsX6ZohTykad2AU,276187,4,0,Rock
0.579,0.824,6,-8.71,0,0.03,0.00206,0.00903,0.059,0.635,123.331,audio_features,5BIMPccDwShpXq784RJlJp,spotify:track:5BIMPccDwShpXq784RJlJp,https://api.spotify.com/v1/tracks/5BIMPccDwShpXq784RJlJp,https://api.spotify.com/v1/audio-analysis/5BIMPccDwShpXq784RJlJp,331573,4,0,Rock
0.713,0.931,6,-2.965,1,0.0394,0.219,0.0,0.0694,0.963,124.127,audio_features,1lhpxZT57yw5toGJtt8fGE,spotify:track:1lhpxZT57yw5toGJtt8fGE,https://api.spotify.com/v1/tracks/1lhpxZT57yw5toGJtt8fGE,https://api.spotify.com/v1/audio-analysis/1lhpxZT57yw5toGJtt8fGE,194147,4,0,Rock
0.549,0.722,11,-11.729,0,0.0283,0.25,0.0138,0.11,0.716,103.885,audio_features,14XWXWv5FoCbFzLksawpEe,spotify:track:14XWXWv5FoCbFzLksawpEe,https://api.spotify.com/v1/tracks/14XWXWv5FoCbFzLksawpEe,https://api.spotify.com/v1/audio-analysis/14XWXWv5FoCbFzLksawpEe,434720,4,0,Rock
0.831,0.544,0,-9.288,1,0.0837,0.594,0.00389,0.0736,0.856,108.177,audio_features,4YMLW13PuuO7o3jkIWlKAs,spotify:track:4YMLW13PuuO7o3jkIWlKAs,https://api.spotify.com/v1/tracks/4YMLW13PuuO7o3jkIWlKAs,https://api.spotify.com/v1/audio-analysis/4YMLW13PuuO7o3jkIWlKAs,166280,4,0,Rock
0.38,0.76,9,-10.961,1,0.0378,0.00298,0.0294,0.104,0.491,99.437,audio_features,24NwBd5vZ2CK8VOQVnqdxr,spotify:track:24NwBd5vZ2CK8VOQVnqdxr,https://api.spotify.com/v1/tracks/24NwBd5vZ2CK8VOQVnqdxr,https://api.spotify.com/v1/audio-analysis/24NwBd5vZ2CK8VOQVnqdxr,274133,4,0,Rock
0.346,0.768,9,-5.695,1,0.0377,0.00603,0.38,0.0244,0.532,169.492,audio_features,0NWPxcsf5vdjdiFUI8NgkP,spotify:track:0NWPxcsf5vdjdiFUI8NgkP,https://api.spotify.com/v1/tracks/0NWPxcsf5vdjdiFUI8NgkP,https://api.spotify.com/v1/audio-analysis/0NWPxcsf5vdjdiFUI8NgkP,210160,4,0,Rock
0.407,0.706,7,-5.526,1,0.0348,0.254,0.00693,0.125,0.54,164.022,audio_features,0N0q5D8KmH13mmODXJsJqS,spotify:track:0N0q5D8KmH13mmODXJsJqS,https://api.spotify.com/v1/tracks/0N0q5D8KmH13mmODXJsJqS,https://api.spotify.com/v1/audio-analysis/0N0q5D8KmH13mmODXJsJqS,361227,4,0,Rock
0.597,0.812,5,-12.062,1,0.0315,0.0219,0.00106,0.102,0.823,135.68,audio_features,0FeCO85RKW8fDRytwXof2x,spotify:track:0FeCO85RKW8fDRytwXof2x,https://api.spotify.com/v1/tracks/0FeCO85RKW8fDRytwXof2x,https://api.spotify.com/v1/audio-analysis/0FeCO85RKW8fDRytwXof2x,218400,4,0,Rock
0.644,0.823,9,-8.092,1,0.0578,0.296,0.00115,0.126,0.917,133.39,audio_features,0vSiz90JRxvYsbCTx84oVM,spotify:track:0vSiz90JRxvYsbCTx84oVM,https://api.spotify.com/v1/tracks/0vSiz90JRxvYsbCTx84oVM,https://api.spotify.com/v1/audio-analysis/0vSiz90JRxvYsbCTx84oVM,270293,4,0,Rock
0.504,0.719,1,-9.155,0,0.0431,0.00878,0.00149,0.075,0.177,102.144,audio_features,4Zau4QvgyxWiWQ5KQrwL43,spotify:track:4Zau4QvgyxWiWQ5KQrwL43,https://api.spotify.com/v1/tracks/4Zau4QvgyxWiWQ5KQrwL43,https://api.spotify.com/v1/audio-analysis/4Zau4QvgyxWiWQ5KQrwL43,386707,4,0,Rock
0.686,0.92,2,-6.231,1,0.0566,0.301,0.27,0.0807,0.225,135.027,audio_features,7iLGljK0LNpGamQQEOuCRC,spotify:track:7iLGljK0LNpGamQQEOuCRC,https://api.spotify.com/v1/tracks/7iLGljK0LNpGamQQEOuCRC,https://api.spotify.com/v1/audio-analysis/7iLGljK0LNpGamQQEOuCRC,511400,4,0,Rock
0.567,0.959,8,-3.822,1,0.102,0.0995,6.07e-05,0.1,0.961,137.377,audio_features,1oG2vWELiGjIqxwqGcyqwF,spotify:track:1oG2vWELiGjIqxwqGcyqwF,https://api.spotify.com/v1/tracks/1oG2vWELiGjIqxwqGcyqwF,https://api.spotify.com/v1/audio-analysis/1oG2vWELiGjIqxwqGcyqwF,133933,4,0,Rock
0.623,0.91,9,-8.448,1,0.0384,0.319,0.000448,0.081,0.745,145.624,audio_features,7cy1bEJV6FCtDaYpsk8aG6,spotify:track:7cy1bEJV6FCtDaYpsk8aG6,https://api.spotify.com/v1/tracks/7cy1bEJV6FCtDaYpsk8aG6,https://api.spotify.com/v1/audio-analysis/7cy1bEJV6FCtDaYpsk8aG6,195307,4,0,Rock
0.525,0.929,9,-8.56,0,0.0784,0.262,2.9e-05,0.0754,0.556,163.503,audio_features,4ItljeeAXtHsnsnnQojaO2,spotify:track:4ItljeeAXtHsnsnnQojaO2,https://api.spotify.com/v1/tracks/4ItljeeAXtHsnsnnQojaO2,https://api.spotify.com/v1/audio-analysis/4ItljeeAXtHsnsnnQojaO2,262748,4,0,Rock
0.536,0.901,9,-7.211,1,0.0374,0.00145,0.0186,0.06,0.666,87.559,audio_features,3QZ7uX97s82HFYSmQUAN1D,spotify:track:3QZ7uX97s82HFYSmQUAN1D,https://api.spotify.com/v1/tracks/3QZ7uX97s82HFYSmQUAN1D,https://api.spotify.com/v1/audio-analysis/3QZ7uX97s82HFYSmQUAN1D,276880,4,0,Rock
0.672,0.72,9,-7.781,1,0.035,0.0373,9.38e-06,0.0371,0.828,118.731,audio_features,3CPeWqqaHR0hmyfsWhMJQs,spotify:track:3CPeWqqaHR0hmyfsWhMJQs,https://api.spotify.com/v1/tracks/3CPeWqqaHR0hmyfsWhMJQs,https://api.spotify.com/v1/audio-analysis/3CPeWqqaHR0hmyfsWhMJQs,193347,4,0,Rock
0.729,0.818,2,-9.992,1,0.0732,0.157,0.285,0.195,0.907,125.811,audio_features,6FsQrRpBLgsrFeAeiQqytm,spotify:track:6FsQrRpBLgsrFeAeiQqytm,https://api.spotify.com/v1/tracks/6FsQrRpBLgsrFeAeiQqytm,https://api.spotify.com/v1/audio-analysis/6FsQrRpBLgsrFeAeiQqytm,267000,4,0,Rock
0.312,0.806,10,-5.35,1,0.0352,0.000385,0.00378,0.093,0.0799,164.042,audio_features,4iaQZI4nrLixMe0sE7VkXy,spotify:track:4iaQZI4nrLixMe0sE7VkXy,https://api.spotify.com/v1/tracks/4iaQZI4nrLixMe0sE7VkXy,https://api.spotify.com/v1/audio-analysis/4iaQZI4nrLixMe0sE7VkXy,209107,4,0,Rock
0.747,0.842,0,-2.912,1,0.0489,0.000583,1.68e-05,0.0785,0.558,129.976,audio_features,3SBSr32BX7SSZ1ceKlTrV3,spotify:track:3SBSr32BX7SSZ1ceKlTrV3,https://api.spotify.com/v1/tracks/3SBSr32BX7SSZ1ceKlTrV3,https://api.spotify.com/v1/audio-analysis/3SBSr32BX7SSZ1ceKlTrV3,187890,4,0,Rock
0.664,0.734,6,-5.848,1,0.0462,0.0614,0.725,0.126,0.864,97.997,audio_features,11LguGpEjOklkNQr70nrHQ,spotify:track:11LguGpEjOklkNQr70nrHQ,https://api.spotify.com/v1/tracks/11LguGpEjOklkNQr70nrHQ,https://api.spotify.com/v1/audio-analysis/11LguGpEjOklkNQr70nrHQ,305847,4,0,Rock
0.424,0.562,9,-5.814,1,0.0282,0.258,0.0,0.215,0.301,69.793,audio_features,63uJF3X27n18UAJq0v7KwU,spotify:track:63uJF3X27n18UAJq0v7KwU,https://api.spotify.com/v1/tracks/63uJF3X27n18UAJq0v7KwU,https://api.spotify.com/v1/audio-analysis/63uJF3X27n18UAJq0v7KwU,252662,4,0,Rock
0.369,0.845,0,-3.449,0,0.0611,0.0493,0.0,0.416,0.782,78.532,audio_features,0tyR7Bu9P086aWBFZ4QJoo,spotify:track:0tyR7Bu9P086aWBFZ4QJoo,https://api.spotify.com/v1/tracks/0tyR7Bu9P086aWBFZ4QJoo,https://api.spotify.com/v1/audio-analysis/0tyR7Bu9P086aWBFZ4QJoo,174068,4,0,Rock
0.6,0.639,11,-7.705,0,0.0388,0.00062,1.85e-06,0.249,0.513,119.962,audio_features,100lHmeZbp3OvinYgotmVc,spotify:track:100lHmeZbp3OvinYgotmVc,https://api.spotify.com/v1/tracks/100lHmeZbp3OvinYgotmVc,https://api.spotify.com/v1/audio-analysis/100lHmeZbp3OvinYgotmVc,209720,4,0,Rock
0.664,0.828,0,-6.053,1,0.0404,0.00839,0.0,0.294,0.82,103.985,audio_features,6GqqGv8frU7kqzXkm2rewI,spotify:track:6GqqGv8frU7kqzXkm2rewI,https://api.spotify.com/v1/tracks/6GqqGv8frU7kqzXkm2rewI,https://api.spotify.com/v1/audio-analysis/6GqqGv8frU7kqzXkm2rewI,190718,4,0,Rock
0.383,0.971,2,-2.468,0,0.163,0.000443,0.0,0.323,0.671,187.968,audio_features,3hjCqnOScnTmhv2Xvvv8Mq,spotify:track:3hjCqnOScnTmhv2Xvvv8Mq,https://api.spotify.com/v1/tracks/3hjCqnOScnTmhv2Xvvv8Mq,https://api.spotify.com/v1/audio-analysis/3hjCqnOScnTmhv2Xvvv8Mq,204076,4,0,Rock
0.597,0.646,6,-7.378,0,0.0344,0.28,0.0,0.111,0.364,126.951,audio_features,7n3u7RrzdXGVcclBEp9aSa,spotify:track:7n3u7RrzdXGVcclBEp9aSa,https://api.spotify.com/v1/tracks/7n3u7RrzdXGVcclBEp9aSa,https://api.spotify.com/v1/audio-analysis/7n3u7RrzdXGVcclBEp9aSa,253121,4,0,Rock
0.74,0.516,1,-6.233,0,0.0507,0.0183,0.0,0.0558,0.698,139.918,audio_features,4Bn3YE0E06WnPLT1VHYPb8,spotify:track:4Bn3YE0E06WnPLT1VHYPb8,https://api.spotify.com/v1/tracks/4Bn3YE0E06WnPLT1VHYPb8,https://api.spotify.com/v1/audio-analysis/4Bn3YE0E06WnPLT1VHYPb8,170858,4,0,Rock
0.604,0.715,10,-4.568,0,0.0552,0.000141,0.0367,0.056,0.375,136.874,audio_features,6ECxUPxgam9THf9KWCnrcX,spotify:track:6ECxUPxgam9THf9KWCnrcX,https://api.spotify.com/v1/tracks/6ECxUPxgam9THf9KWCnrcX,https://api.spotify.com/v1/audio-analysis/6ECxUPxgam9THf9KWCnrcX,219147,4,0,Rock
0.496,0.88,1,-2.242,0,0.0359,0.00151,2.92e-05,0.0592,0.148,140.009,audio_features,0LagWpYHMaQjbCeAIoOKVg,spotify:track:0LagWpYHMaQjbCeAIoOKVg,https://api.spotify.com/v1/tracks/0LagWpYHMaQjbCeAIoOKVg,https://api.spotify.com/v1/audio-analysis/0LagWpYHMaQjbCeAIoOKVg,297682,4,0,Rock
0.493,0.943,4,-3.321,1,0.0608,0.000679,0.00897,0.134,0.493,96.997,audio_features,5Y2myqmZH2D83n04mbznFe,spotify:track:5Y2myqmZH2D83n04mbznFe,https://api.spotify.com/v1/tracks/5Y2myqmZH2D83n04mbznFe,https://api.spotify.com/v1/audio-analysis/5Y2myqmZH2D83n04mbznFe,234476,4,0,Rock
0.44,0.719,8,-6.645,0,0.0445,0.0217,5.09e-06,0.0663,0.523,111.398,audio_features,365TSrFPqM66giaxJuafR3,spotify:track:365TSrFPqM66giaxJuafR3,https://api.spotify.com/v1/tracks/365TSrFPqM66giaxJuafR3,https://api.spotify.com/v1/audio-analysis/365TSrFPqM66giaxJuafR3,196777,4,0,Rock
0.675,0.673,10,-7.317,0,0.0539,0.401,0.0,0.126,0.582,100.056,audio_features,7rUDLO2JWaUuNznvZOk85h,spotify:track:7rUDLO2JWaUuNznvZOk85h,https://api.spotify.com/v1/tracks/7rUDLO2JWaUuNznvZOk85h,https://api.spotify.com/v1/audio-analysis/7rUDLO2JWaUuNznvZOk85h,205613,4,0,Rock
0.582,0.764,10,-4.556,0,0.0334,0.000943,0.0133,0.109,0.406,95.102,audio_features,7uHw1z0wMpgvgiDiNy6RJE,spotify:track:7uHw1z0wMpgvgiDiNy6RJE,https://api.spotify.com/v1/tracks/7uHw1z0wMpgvgiDiNy6RJE,https://api.spotify.com/v1/audio-analysis/7uHw1z0wMpgvgiDiNy6RJE,255193,4,0,Rock
0.723,0.927,6,-4.326,0,0.106,0.125,0.0,0.0648,0.874,98.017,audio_features,2loEXJRB5ExGcUHYX365R5,spotify:track:2loEXJRB5ExGcUHYX365R5,https://api.spotify.com/v1/tracks/2loEXJRB5ExGcUHYX365R5,https://api.spotify.com/v1/audio-analysis/2loEXJRB5ExGcUHYX365R5,215883,4,0,Rock
0.623,0.792,11,-6.37,1,0.0664,7e-05,0.00467,0.159,0.584,127.041,audio_features,1VsFIGQytB26cDHViCLjQi,spotify:track:1VsFIGQytB26cDHViCLjQi,https://api.spotify.com/v1/tracks/1VsFIGQytB26cDHViCLjQi,https://api.spotify.com/v1/audio-analysis/1VsFIGQytB26cDHViCLjQi,171161,4,0,Rock
0.494,0.891,2,-4.326,1,0.0723,0.000485,5.69e-05,0.0905,0.375,159.967,audio_features,2oAZlBN2CmNieXmJ1bQDYL,spotify:track:2oAZlBN2CmNieXmJ1bQDYL,https://api.spotify.com/v1/tracks/2oAZlBN2CmNieXmJ1bQDYL,https://api.spotify.com/v1/audio-analysis/2oAZlBN2CmNieXmJ1bQDYL,192382,4,0,Rock
0.503,0.766,0,-5.693,1,0.0437,0.000517,0.00235,0.0786,0.722,75.493,audio_features,2F1vYkQffGbFQvgC8pSRgb,spotify:track:2F1vYkQffGbFQvgC8pSRgb,https://api.spotify.com/v1/tracks/2F1vYkQffGbFQvgC8pSRgb,https://api.spotify.com/v1/audio-analysis/2F1vYkQffGbFQvgC8pSRgb,209880,4,0,Rock
0.45,0.879,6,-3.489,0,0.0456,0.00161,0.0,0.257,0.704,95.043,audio_features,7cpCYJ7oiUMhgalxSZmNdf,spotify:track:7cpCYJ7oiUMhgalxSZmNdf,https://api.spotify.com/v1/tracks/7cpCYJ7oiUMhgalxSZmNdf,https://api.spotify.com/v1/audio-analysis/7cpCYJ7oiUMhgalxSZmNdf,122609,4,0,Rock
0.54,0.931,7,-3.811,1,0.0552,0.000101,0.0,0.172,0.67,132.999,audio_features,7LBA7FvZD2GBFurt5AODGo,spotify:track:7LBA7FvZD2GBFurt5AODGo,https://api.spotify.com/v1/tracks/7LBA7FvZD2GBFurt5AODGo,https://api.spotify.com/v1/audio-analysis/7LBA7FvZD2GBFurt5AODGo,218500,4,0,Rock
0.591,0.838,10,-6.011,1,0.0428,0.00492,2.63e-06,0.296,0.49,118.983,audio_features,4wDGADdtM4Y9BYl8THgaFr,spotify:track:4wDGADdtM4Y9BYl8THgaFr,https://api.spotify.com/v1/tracks/4wDGADdtM4Y9BYl8THgaFr,https://api.spotify.com/v1/audio-analysis/4wDGADdtM4Y9BYl8THgaFr,231438,4,0,Rock
0.454,0.954,0,-4.229,0,0.202,0.000405,0.0,0.0768,0.519,170.019,audio_features,43t2TYUzhb3FpM7Bn2UyJL,spotify:track:43t2TYUzhb3FpM7Bn2UyJL,https://api.spotify.com/v1/tracks/43t2TYUzhb3FpM7Bn2UyJL,https://api.spotify.com/v1/audio-analysis/43t2TYUzhb3FpM7Bn2UyJL,173000,4,0,Rock
0.345,0.89,1,-4.175,0,0.0774,0.000725,2.98e-06,0.204,0.276,137.973,audio_features,34lLAsdH4Y5TLf1B2SIj1I,spotify:track:34lLAsdH4Y5TLf1B2SIj1I,https://api.spotify.com/v1/tracks/34lLAsdH4Y5TLf1B2SIj1I,https://api.spotify.com/v1/audio-analysis/34lLAsdH4Y5TLf1B2SIj1I,237065,4,0,Rock
0.549,0.741,2,-3.711,1,0.0325,0.000423,0.000715,0.298,0.42,140.017,audio_features,4Fj6KslSYYQ1kAbafiKoz0,spotify:track:4Fj6KslSYYQ1kAbafiKoz0,https://api.spotify.com/v1/tracks/4Fj6KslSYYQ1kAbafiKoz0,https://api.spotify.com/v1/audio-analysis/4Fj6KslSYYQ1kAbafiKoz0,236347,4,0,Rock
0.644,0.349,2,-5.315,0,0.0364,0.206,3.36e-05,0.125,0.246,94.971,audio_features,4hR3hQKELrARHNZJ51D14s,spotify:track:4hR3hQKELrARHNZJ51D14s,https://api.spotify.com/v1/tracks/4hR3hQKELrARHNZJ51D14s,https://api.spotify.com/v1/audio-analysis/4hR3hQKELrARHNZJ51D14s,198947,4,0,Rock
0.549,0.653,0,-7.47,1,0.0503,0.457,0.0,0.0969,0.287,121.348,audio_features,6bLU8e0LGyztE9iD5DWBQ1,spotify:track:6bLU8e0LGyztE9iD5DWBQ1,https://api.spotify.com/v1/tracks/6bLU8e0LGyztE9iD5DWBQ1,https://api.spotify.com/v1/audio-analysis/6bLU8e0LGyztE9iD5DWBQ1,187173,4,0,Rock
0.216,0.924,7,-4.783,0,0.0888,5.44e-05,3.56e-05,0.308,0.413,169.466,audio_features,7BPK61iM3LKNMv1qVOjIyf,spotify:track:7BPK61iM3LKNMv1qVOjIyf,https://api.spotify.com/v1/tracks/7BPK61iM3LKNMv1qVOjIyf,https://api.spotify.com/v1/audio-analysis/7BPK61iM3LKNMv1qVOjIyf,218473,4,0,Rock
0.41,0.945,7,-5.518,1,0.138,0.00046,0.397,0.138,0.259,181.076,audio_features,0ohJEfRrmJKEeQrs3tLmRH,spotify:track:0ohJEfRrmJKEeQrs3tLmRH,https://api.spotify.com/v1/tracks/0ohJEfRrmJKEeQrs3tLmRH,https://api.spotify.com/v1/audio-analysis/0ohJEfRrmJKEeQrs3tLmRH,205360,4,0,Rock
0.679,0.697,4,-5.369,0,0.0454,0.0148,0.0119,0.124,0.776,110.558,audio_features,5RrrQhJKKKMJt3wB5n2N3t,spotify:track:5RrrQhJKKKMJt3wB5n2N3t,https://api.spotify.com/v1/tracks/5RrrQhJKKKMJt3wB5n2N3t,https://api.spotify.com/v1/audio-analysis/5RrrQhJKKKMJt3wB5n2N3t,247011,4,0,Rock
0.529,0.845,0,-5.291,1,0.0367,0.00298,1.01e-06,0.408,0.452,83.996,audio_features,31dAJQWQqbPSnKlEGEvPjn,spotify:track:31dAJQWQqbPSnKlEGEvPjn,https://api.spotify.com/v1/tracks/31dAJQWQqbPSnKlEGEvPjn,https://api.spotify.com/v1/audio-analysis/31dAJQWQqbPSnKlEGEvPjn,167680,4,0,Rock
0.754,0.583,4,-7.34,0,0.0432,0.32,0.00015,0.144,0.77,122.012,audio_features,6xZ4Q2k2ompmDppyeESIY8,spotify:track:6xZ4Q2k2ompmDppyeESIY8,https://api.spotify.com/v1/tracks/6xZ4Q2k2ompmDppyeESIY8,https://api.spotify.com/v1/audio-analysis/6xZ4Q2k2ompmDppyeESIY8,220051,4,0,Rock
0.52,0.856,2,-4.228,1,0.0806,0.000193,0.0,0.157,0.47,160.083,audio_features,1bWEngw5tAF7vWByrf5Oy5,spotify:track:1bWEngw5tAF7vWByrf5Oy5,https://api.spotify.com/v1/tracks/1bWEngw5tAF7vWByrf5Oy5,https://api.spotify.com/v1/audio-analysis/1bWEngw5tAF7vWByrf5Oy5,205016,4,0,Rock
0.519,0.862,7,-2.609,1,0.0424,0.0156,2.37e-06,0.164,0.396,159.938,audio_features,3qRXuJ58B2wcNNMk5yyAMn,spotify:track:3qRXuJ58B2wcNNMk5yyAMn,https://api.spotify.com/v1/tracks/3qRXuJ58B2wcNNMk5yyAMn,https://api.spotify.com/v1/audio-analysis/3qRXuJ58B2wcNNMk5yyAMn,159329,4,0,Rock
0.618,0.695,7,-5.277,1,0.0699,0.0171,0.00717,0.0965,0.791,178.137,audio_features,4xsjelvEjWH5nb2rk9PRKa,spotify:track:4xsjelvEjWH5nb2rk9PRKa,https://api.spotify.com/v1/tracks/4xsjelvEjWH5nb2rk9PRKa,https://api.spotify.com/v1/audio-analysis/4xsjelvEjWH5nb2rk9PRKa,213073,4,0,Rock
0.684,0.809,11,-5.588,0,0.0356,0.00657,0.0,0.249,0.736,92.004,audio_features,4l5m5tzmsLkb3kLlLuLpbY,spotify:track:4l5m5tzmsLkb3kLlLuLpbY,https://api.spotify.com/v1/tracks/4l5m5tzmsLkb3kLlLuLpbY,https://api.spotify.com/v1/audio-analysis/4l5m5tzmsLkb3kLlLuLpbY,185966,4,0,Rock
0.522,0.819,0,-5.179,1,0.0421,0.00295,1.51e-05,0.0819,0.165,124.313,audio_features,7urODBygFdk208mdTOXJqj,spotify:track:7urODBygFdk208mdTOXJqj,https://api.spotify.com/v1/tracks/7urODBygFdk208mdTOXJqj,https://api.spotify.com/v1/audio-analysis/7urODBygFdk208mdTOXJqj,242667,4,0,Rock
0.641,0.533,7,-8.909,1,0.0287,0.279,6.06e-05,0.113,0.364,95.776,audio_features,2D3OzSwTcwuNWWs8MacKqz,spotify:track:2D3OzSwTcwuNWWs8MacKqz,https://api.spotify.com/v1/tracks/2D3OzSwTcwuNWWs8MacKqz,https://api.spotify.com/v1/audio-analysis/2D3OzSwTcwuNWWs8MacKqz,162107,3,0,Rock
0.618,0.833,2,-5.149,1,0.0462,0.306,0.0,0.102,0.598,129.938,audio_features,4AtMk3bpZNUtipRNy50MBO,spotify:track:4AtMk3bpZNUtipRNy50MBO,https://api.spotify.com/v1/tracks/4AtMk3bpZNUtipRNy50MBO,https://api.spotify.com/v1/audio-analysis/4AtMk3bpZNUtipRNy50MBO,184881,4,0,Rock
0.71,0.816,11,-4.805,1,0.0545,0.108,4.27e-05,0.11,0.494,78.02,audio_features,3KQg0Tb4mWBoIRpniaTcMw,spotify:track:3KQg0Tb4mWBoIRpniaTcMw,https://api.spotify.com/v1/tracks/3KQg0Tb4mWBoIRpniaTcMw,https://api.spotify.com/v1/audio-analysis/3KQg0Tb4mWBoIRpniaTcMw,188317,4,0,Rock
0.372,0.872,0,-3.582,1,0.0568,0.00104,0.000471,0.357,0.273,137.038,audio_features,6lsOCdPt1gUKjlysphTbPE,spotify:track:6lsOCdPt1gUKjlysphTbPE,https://api.spotify.com/v1/tracks/6lsOCdPt1gUKjlysphTbPE,https://api.spotify.com/v1/audio-analysis/6lsOCdPt1gUKjlysphTbPE,240217,4,0,Rock
0.589,0.797,9,-5.464,1,0.15,0.0289,4.35e-06,0.383,0.232,102.489,audio_features,5OxclJsdFESni44YlpNpkR,spotify:track:5OxclJsdFESni44YlpNpkR,https://api.spotify.com/v1/tracks/5OxclJsdFESni44YlpNpkR,https://api.spotify.com/v1/audio-analysis/5OxclJsdFESni44YlpNpkR,291813,4,0,Rock
0.648,0.51,6,-6.981,1,0.0518,0.488,1.25e-06,0.344,0.518,144.053,audio_features,71fMxLSCyriHmliUPUQg1R,spotify:track:71fMxLSCyriHmliUPUQg1R,https://api.spotify.com/v1/tracks/71fMxLSCyriHmliUPUQg1R,https://api.spotify.com/v1/audio-analysis/71fMxLSCyriHmliUPUQg1R,194867,4,0,Rock
0.72,0.821,2,-4.238,1,0.0368,0.00733,0.0,0.118,0.626,107.978,audio_features,389jakZZlu3BVWFO6EsrQy,spotify:track:389jakZZlu3BVWFO6EsrQy,https://api.spotify.com/v1/tracks/389jakZZlu3BVWFO6EsrQy,https://api.spotify.com/v1/audio-analysis/389jakZZlu3BVWFO6EsrQy,201511,4,0,Rock
0.565,0.334,7,-9.88,1,0.0792,0.238,1.61e-06,0.628,0.621,91.237,audio_features,5mI7nxjalLOnhoqeHLOSOX,spotify:track:5mI7nxjalLOnhoqeHLOSOX,https://api.spotify.com/v1/tracks/5mI7nxjalLOnhoqeHLOSOX,https://api.spotify.com/v1/audio-analysis/5mI7nxjalLOnhoqeHLOSOX,158810,4,0,Rock
0.62,0.94,2,-6.262,1,0.0362,0.0075,0.00143,0.276,0.881,142.005,audio_features,1ReJ6HOAjJ1GVT5KlsNFcL,spotify:track:1ReJ6HOAjJ1GVT5KlsNFcL,https://api.spotify.com/v1/tracks/1ReJ6HOAjJ1GVT5KlsNFcL,https://api.spotify.com/v1/audio-analysis/1ReJ6HOAjJ1GVT5KlsNFcL,218320,4,0,Rock
0.728,0.685,5,-5.096,0,0.0433,0.00391,0.0,0.152,0.33,124.934,audio_features,70rFIfYN7lU6iTgUIVP42w,spotify:track:70rFIfYN7lU6iTgUIVP42w,https://api.spotify.com/v1/tracks/70rFIfYN7lU6iTgUIVP42w,https://api.spotify.com/v1/audio-analysis/70rFIfYN7lU6iTgUIVP42w,138970,4,0,Rock
0.548,0.971,9,-3.915,1,0.16,0.00324,0.000388,0.065,0.373,135.028,audio_features,6nipZlJiUvI0I7lCf1Z7Li,spotify:track:6nipZlJiUvI0I7lCf1Z7Li,https://api.spotify.com/v1/tracks/6nipZlJiUvI0I7lCf1Z7Li,https://api.spotify.com/v1/audio-analysis/6nipZlJiUvI0I7lCf1Z7Li,226568,3,0,Rock
0.592,0.783,6,-5.198,0,0.0508,0.00648,1.17e-06,0.0893,0.588,80.023,audio_features,4IBxcZ0oQnCghA7srGgkOE,spotify:track:4IBxcZ0oQnCghA7srGgkOE,https://api.spotify.com/v1/tracks/4IBxcZ0oQnCghA7srGgkOE,https://api.spotify.com/v1/audio-analysis/4IBxcZ0oQnCghA7srGgkOE,196345,4,0,Rock
0.361,0.729,4,-6.014,0,0.0538,0.0303,4.56e-05,0.346,0.371,143.928,audio_features,6TMEL7vpevM8hwGi8okKqp,spotify:track:6TMEL7vpevM8hwGi8okKqp,https://api.spotify.com/v1/tracks/6TMEL7vpevM8hwGi8okKqp,https://api.spotify.com/v1/audio-analysis/6TMEL7vpevM8hwGi8okKqp,172171,4,0,Rock
0.451,0.947,6,-3.607,0,0.207,0.00261,0.000312,0.286,0.35,118.701,audio_features,3OAiJ8YdnNr2zus6CwT3y2,spotify:track:3OAiJ8YdnNr2zus6CwT3y2,https://api.spotify.com/v1/tracks/3OAiJ8YdnNr2zus6CwT3y2,https://api.spotify.com/v1/audio-analysis/3OAiJ8YdnNr2zus6CwT3y2,171227,4,0,Rock
0.524,0.9,0,-4.443,0,0.0485,2.15e-05,0.196,0.0867,0.656,137.993,audio_features,4lFwl4ScfmRNHBmJfdGyVQ,spotify:track:4lFwl4ScfmRNHBmJfdGyVQ,https://api.spotify.com/v1/tracks/4lFwl4ScfmRNHBmJfdGyVQ,https://api.spotify.com/v1/audio-analysis/4lFwl4ScfmRNHBmJfdGyVQ,184560,4,0,Rock
0.598,0.865,2,-4.139,1,0.0284,0.0289,2.25e-06,0.102,0.713,109.01,audio_features,44W62yiwRABYsBk4yJrBOg,spotify:track:44W62yiwRABYsBk4yJrBOg,https://api.spotify.com/v1/tracks/44W62yiwRABYsBk4yJrBOg,https://api.spotify.com/v1/audio-analysis/44W62yiwRABYsBk4yJrBOg,203027,4,0,Rock
0.562,0.955,7,-2.931,1,0.0387,5.81e-06,0.00629,0.343,0.657,128.01,audio_features,4sh5T4ZY4CE7oH3iwQ4aCr,spotify:track:4sh5T4ZY4CE7oH3iwQ4aCr,https://api.spotify.com/v1/tracks/4sh5T4ZY4CE7oH3iwQ4aCr,https://api.spotify.com/v1/audio-analysis/4sh5T4ZY4CE7oH3iwQ4aCr,266898,4,0,Rock
0.66,0.753,2,-5.682,1,0.028,0.000968,0.0,0.117,0.163,120.125,audio_features,6Yx4AmuHnZ3loElFebyCYy,spotify:track:6Yx4AmuHnZ3loElFebyCYy,https://api.spotify.com/v1/tracks/6Yx4AmuHnZ3loElFebyCYy,https://api.spotify.com/v1/audio-analysis/6Yx4AmuHnZ3loElFebyCYy,163301,4,0,Rock
0.183,0.847,7,-4.126,1,0.0664,0.000692,5.03e-06,0.164,0.416,92.09,audio_features,4TcYGnt7qcBuDoGTWHJ36E,spotify:track:4TcYGnt7qcBuDoGTWHJ36E,https://api.spotify.com/v1/tracks/4TcYGnt7qcBuDoGTWHJ36E,https://api.spotify.com/v1/audio-analysis/4TcYGnt7qcBuDoGTWHJ36E,225150,4,0,Rock
0.637,0.759,0,-5.327,1,0.0495,0.00291,0.000657,0.215,0.357,91.039,audio_features,5DCHj466cFRHLMjfX5Jdz1,spotify:track:5DCHj466cFRHLMjfX5Jdz1,https://api.spotify.com/v1/tracks/5DCHj466cFRHLMjfX5Jdz1,https://api.spotify.com/v1/audio-analysis/5DCHj466cFRHLMjfX5Jdz1,198728,4,0,Rock
0.529,0.853,7,-4.481,1,0.0382,0.00717,0.0,0.339,0.646,127.987,audio_features,31brGBYDq5N15VxIn5juop,spotify:track:31brGBYDq5N15VxIn5juop,https://api.spotify.com/v1/tracks/31brGBYDq5N15VxIn5juop,https://api.spotify.com/v1/audio-analysis/31brGBYDq5N15VxIn5juop,131303,4,0,Rock
0.344,0.963,7,-3.498,1,0.133,0.00129,0.00187,0.0826,0.0906,152.038,audio_features,4mtracN0MNSzOGPHod4yIi,spotify:track:4mtracN0MNSzOGPHod4yIi,https://api.spotify.com/v1/tracks/4mtracN0MNSzOGPHod4yIi,https://api.spotify.com/v1/audio-analysis/4mtracN0MNSzOGPHod4yIi,274453,4,0,Rock
0.642,0.52,9,-7.886,1,0.0387,0.118,0.000509,0.552,0.488,136.014,audio_features,5CalS8Gn69OOrR9aiw0ZO9,spotify:track:5CalS8Gn69OOrR9aiw0ZO9,https://api.spotify.com/v1/tracks/5CalS8Gn69OOrR9aiw0ZO9,https://api.spotify.com/v1/audio-analysis/5CalS8Gn69OOrR9aiw0ZO9,196055,4,0,Rock
0.554,0.8,8,-3.936,1,0.0395,0.119,0.0,0.629,0.463,115.056,audio_features,4GUj9MfPPkjpZskxb45uiX,spotify:track:4GUj9MfPPkjpZskxb45uiX,https://api.spotify.com/v1/tracks/4GUj9MfPPkjpZskxb45uiX,https://api.spotify.com/v1/audio-analysis/4GUj9MfPPkjpZskxb45uiX,160120,4,0,Rock
0.796,0.698,0,-5.867,1,0.0676,0.0162,0.00115,0.312,0.727,140.966,audio_features,3wROjwePZ2JrvHI2FPDqul,spotify:track:3wROjwePZ2JrvHI2FPDqul,https://api.spotify.com/v1/tracks/3wROjwePZ2JrvHI2FPDqul,https://api.spotify.com/v1/audio-analysis/3wROjwePZ2JrvHI2FPDqul,129408,4,0,Rock
0.492,0.935,7,-5.436,1,0.0895,0.000275,0.0227,0.0896,0.603,172.01,audio_features,2918ttCWVht6HYKQcbJklI,spotify:track:2918ttCWVht6HYKQcbJklI,https://api.spotify.com/v1/tracks/2918ttCWVht6HYKQcbJklI,https://api.spotify.com/v1/audio-analysis/2918ttCWVht6HYKQcbJklI,159713,4,0,Rock
0.296,0.794,7,-4.365,1,0.0652,0.000744,0.0,0.0932,0.464,175.046,audio_features,3qlHb4RHHX41qw03tPW1QT,spotify:track:3qlHb4RHHX41qw03tPW1QT,https://api.spotify.com/v1/tracks/3qlHb4RHHX41qw03tPW1QT,https://api.spotify.com/v1/audio-analysis/3qlHb4RHHX41qw03tPW1QT,166890,4,0,Rock
0.649,0.825,5,-3.766,0,0.0658,0.00425,0.0,0.155,0.517,100.02,audio_features,7AzBhL7tthrqK2vykVyZyW,spotify:track:7AzBhL7tthrqK2vykVyZyW,https://api.spotify.com/v1/tracks/7AzBhL7tthrqK2vykVyZyW,https://api.spotify.com/v1/audio-analysis/7AzBhL7tthrqK2vykVyZyW,167230,4,0,Rock
0.736,0.792,8,-5.275,1,0.0542,0.212,0.000187,0.333,0.587,125.034,audio_features,1Y5x8wbzL5pT6osDk6yijW,spotify:track:1Y5x8wbzL5pT6osDk6yijW,https://api.spotify.com/v1/tracks/1Y5x8wbzL5pT6osDk6yijW,https://api.spotify.com/v1/audio-analysis/1Y5x8wbzL5pT6osDk6yijW,157525,4,0,Rock
0.46,0.958,10,-4.212,0,0.0757,0.000109,0.096,0.575,0.722,166.065,audio_features,0QQlWmvwXYnZAvQ1t7XVic,spotify:track:0QQlWmvwXYnZAvQ1t7XVic,https://api.spotify.com/v1/tracks/0QQlWmvwXYnZAvQ1t7XVic,https://api.spotify.com/v1/audio-analysis/0QQlWmvwXYnZAvQ1t7XVic,197716,4,0,Rock
0.651,0.865,8,-5.979,1,0.0483,0.0157,0.000692,0.122,0.501,87.627,audio_features,0UzPecocZPSp5eJSqPmjF0,spotify:track:0UzPecocZPSp5eJSqPmjF0,https://api.spotify.com/v1/tracks/0UzPecocZPSp5eJSqPmjF0,https://api.spotify.com/v1/audio-analysis/0UzPecocZPSp5eJSqPmjF0,182000,4,0,Rock
0.599,0.901,0,-4.842,0,0.071,0.000766,0.0154,0.0597,0.536,100.995,audio_features,07YAkI4MUIBku8cSJQ2Iz5,spotify:track:07YAkI4MUIBku8cSJQ2Iz5,https://api.spotify.com/v1/tracks/07YAkI4MUIBku8cSJQ2Iz5,https://api.spotify.com/v1/audio-analysis/07YAkI4MUIBku8cSJQ2Iz5,229640,4,0,Rock
0.476,0.743,5,-4.767,1,0.0349,0.123,0.0,0.283,0.513,156.221,audio_features,3ATD9XGdgIRLAhviHOIh8q,spotify:track:3ATD9XGdgIRLAhviHOIh8q,https://api.spotify.com/v1/tracks/3ATD9XGdgIRLAhviHOIh8q,https://api.spotify.com/v1/audio-analysis/3ATD9XGdgIRLAhviHOIh8q,184474,4,0,Rock
0.739,0.647,10,-8.643,0,0.069,0.0852,0.0,0.237,0.19,119.991,audio_features,5op3aMrdlsegxOwPUV7nSm,spotify:track:5op3aMrdlsegxOwPUV7nSm,https://api.spotify.com/v1/tracks/5op3aMrdlsegxOwPUV7nSm,https://api.spotify.com/v1/audio-analysis/5op3aMrdlsegxOwPUV7nSm,223672,4,0,Rock
0.504,0.784,2,-5.505,1,0.0607,0.00103,0.0,0.366,0.78,154.979,audio_features,5gZEWg5YT9fZHyw7sAH4o3,spotify:track:5gZEWg5YT9fZHyw7sAH4o3,https://api.spotify.com/v1/tracks/5gZEWg5YT9fZHyw7sAH4o3,https://api.spotify.com/v1/audio-analysis/5gZEWg5YT9fZHyw7sAH4o3,180695,4,0,Rock
0.354,0.627,5,-7.166,0,0.0424,0.0103,0.00577,0.24,0.541,183.886,audio_features,5NnWdv3GTcCNG5lVeB7H57,spotify:track:5NnWdv3GTcCNG5lVeB7H57,https://api.spotify.com/v1/tracks/5NnWdv3GTcCNG5lVeB7H57,https://api.spotify.com/v1/audio-analysis/5NnWdv3GTcCNG5lVeB7H57,223427,3,0,Rock
0.457,0.559,10,-5.17,1,0.027,0.206,0.0,0.193,0.41,156.907,audio_features,20wnO4hGXbWvIPDEmED8gM,spotify:track:20wnO4hGXbWvIPDEmED8gM,https://api.spotify.com/v1/tracks/20wnO4hGXbWvIPDEmED8gM,https://api.spotify.com/v1/audio-analysis/20wnO4hGXbWvIPDEmED8gM,235947,3,0,Rock
0.728,0.785,5,-4.524,0,0.0381,0.0018,0.000174,0.128,0.886,115.038,audio_features,5t0nxg5ayiyiVqK6u49cp8,spotify:track:5t0nxg5ayiyiVqK6u49cp8,https://api.spotify.com/v1/tracks/5t0nxg5ayiyiVqK6u49cp8,https://api.spotify.com/v1/audio-analysis/5t0nxg5ayiyiVqK6u49cp8,173336,4,0,Rock
0.633,0.825,1,-6.894,0,0.218,0.0253,0.0,0.389,0.525,172.034,audio_features,6GRqJrOgXBuCA8wUOffUml,spotify:track:6GRqJrOgXBuCA8wUOffUml,https://api.spotify.com/v1/tracks/6GRqJrOgXBuCA8wUOffUml,https://api.spotify.com/v1/audio-analysis/6GRqJrOgXBuCA8wUOffUml,194117,4,0,Rock
0.481,0.867,0,-4.449,1,0.04,0.00323,0.0,0.474,0.332,90.04,audio_features,4sFOrY7RZBHP1Oidb0GbiG,spotify:track:4sFOrY7RZBHP1Oidb0GbiG,https://api.spotify.com/v1/tracks/4sFOrY7RZBHP1Oidb0GbiG,https://api.spotify.com/v1/audio-analysis/4sFOrY7RZBHP1Oidb0GbiG,223343,4,0,Rock
0.646,0.624,2,-5.079,1,0.0738,0.151,0.0,0.0519,0.634,150.054,audio_features,2666GAKgBPUYpnrWHnPs8E,spotify:track:2666GAKgBPUYpnrWHnPs8E,https://api.spotify.com/v1/tracks/2666GAKgBPUYpnrWHnPs8E,https://api.spotify.com/v1/audio-analysis/2666GAKgBPUYpnrWHnPs8E,198425,4,0,Rock
0.344,0.7,0,-7.419,1,0.0345,0.474,0.00425,0.153,0.293,78.356,audio_features,7y7ExXQ8gjfE9x2toP7YbJ,spotify:track:7y7ExXQ8gjfE9x2toP7YbJ,https://api.spotify.com/v1/tracks/7y7ExXQ8gjfE9x2toP7YbJ,https://api.spotify.com/v1/audio-analysis/7y7ExXQ8gjfE9x2toP7YbJ,208481,4,0,Rock
0.585,0.67,1,-4.886,0,0.0252,0.0115,0.00837,0.371,0.766,145.959,audio_features,27awJddiMonrXccqanOUjG,spotify:track:27awJddiMonrXccqanOUjG,https://api.spotify.com/v1/tracks/27awJddiMonrXccqanOUjG,https://api.spotify.com/v1/audio-analysis/27awJddiMonrXccqanOUjG,175135,4,0,Rock
0.516,0.852,11,-3.967,1,0.0442,0.000888,0.0,0.342,0.756,141.091,audio_features,3f4gufI9qdllhNch9E9x3M,spotify:track:3f4gufI9qdllhNch9E9x3M,https://api.spotify.com/v1/tracks/3f4gufI9qdllhNch9E9x3M,https://api.spotify.com/v1/audio-analysis/3f4gufI9qdllhNch9E9x3M,178341,4,0,Rock
0.446,0.754,4,-4.799,1,0.0362,0.0139,2.12e-05,0.0987,0.165,140.028,audio_features,61gRcxqJKDTHNQgSpxp2bL,spotify:track:61gRcxqJKDTHNQgSpxp2bL,https://api.spotify.com/v1/tracks/61gRcxqJKDTHNQgSpxp2bL,https://api.spotify.com/v1/audio-analysis/61gRcxqJKDTHNQgSpxp2bL,232326,4,0,Rock
0.368,0.848,10,-5.109,0,0.0482,0.00297,0.00634,0.345,0.425,98.932,audio_features,14ai95yNvwlRYDUTWDCtfa,spotify:track:14ai95yNvwlRYDUTWDCtfa,https://api.spotify.com/v1/tracks/14ai95yNvwlRYDUTWDCtfa,https://api.spotify.com/v1/audio-analysis/14ai95yNvwlRYDUTWDCtfa,205640,4,0,Rock
0.761,0.518,0,-8.871,1,0.134,0.244,3.47e-05,0.107,0.522,133.976,audio_features,2SAqBLGA283SUiwJ3xOUVI,spotify:track:2SAqBLGA283SUiwJ3xOUVI,https://api.spotify.com/v1/tracks/2SAqBLGA283SUiwJ3xOUVI,https://api.spotify.com/v1/audio-analysis/2SAqBLGA283SUiwJ3xOUVI,261493,4,1,Rap
0.874,0.443,5,-9.628,0,0.241,0.147,0.0,0.124,0.298,118.004,audio_features,0qJeyYAgv6UpvewUxRXAhb,spotify:track:0qJeyYAgv6UpvewUxRXAhb,https://api.spotify.com/v1/tracks/0qJeyYAgv6UpvewUxRXAhb,https://api.spotify.com/v1/audio-analysis/0qJeyYAgv6UpvewUxRXAhb,235988,4,1,Rap
0.614,0.553,7,-8.225,1,0.169,0.0306,0.0,0.203,0.161,159.999,audio_features,3GZd1aDsgKL71Kt3VIp0hc,spotify:track:3GZd1aDsgKL71Kt3VIp0hc,https://api.spotify.com/v1/tracks/3GZd1aDsgKL71Kt3VIp0hc,https://api.spotify.com/v1/audio-analysis/3GZd1aDsgKL71Kt3VIp0hc,240297,4,1,Rap
0.881,0.517,4,-8.916,1,0.308,0.0115,0.0,0.151,0.786,115.084,audio_features,6nDSLDomNqfet6w0r1GHAz,spotify:track:6nDSLDomNqfet6w0r1GHAz,https://api.spotify.com/v1/tracks/6nDSLDomNqfet6w0r1GHAz,https://api.spotify.com/v1/audio-analysis/6nDSLDomNqfet6w0r1GHAz,168107,4,1,Rap
0.823,0.586,6,-6.606,0,0.2,0.114,0.0,0.193,0.347,125.971,audio_features,0PvFJmanyNQMseIFrU708S,spotify:track:0PvFJmanyNQMseIFrU708S,https://api.spotify.com/v1/tracks/0PvFJmanyNQMseIFrU708S,https://api.spotify.com/v1/audio-analysis/0PvFJmanyNQMseIFrU708S,190476,4,1,Rap
0.695,0.343,5,-10.798,1,0.0432,0.0743,1.04e-06,0.107,0.229,85.84,audio_features,35RJhm1pEovTBwnNR0zWad,spotify:track:35RJhm1pEovTBwnNR0zWad,https://api.spotify.com/v1/tracks/35RJhm1pEovTBwnNR0zWad,https://api.spotify.com/v1/audio-analysis/35RJhm1pEovTBwnNR0zWad,218902,4,1,Rap
0.904,0.723,11,-5.224,0,0.26,0.0631,0.0,0.185,0.835,145.013,audio_features,2MbdDtCv5LUVjYy9RuGTgC,spotify:track:2MbdDtCv5LUVjYy9RuGTgC,https://api.spotify.com/v1/tracks/2MbdDtCv5LUVjYy9RuGTgC,https://api.spotify.com/v1/audio-analysis/2MbdDtCv5LUVjYy9RuGTgC,227478,4,1,Rap
0.935,0.454,1,-7.509,1,0.375,0.0194,0.0,0.0824,0.357,133.073,audio_features,4Oun2ylbjFKMPTiaSbbCih,spotify:track:4Oun2ylbjFKMPTiaSbbCih,https://api.spotify.com/v1/tracks/4Oun2ylbjFKMPTiaSbbCih,https://api.spotify.com/v1/audio-analysis/4Oun2ylbjFKMPTiaSbbCih,187541,4,1,Rap
0.8,0.56,5,-4.818,0,0.261,0.057,0.0,0.134,0.45,163.071,audio_features,6EDO9iiTtwNv6waLwa1UUq,spotify:track:6EDO9iiTtwNv6waLwa1UUq,https://api.spotify.com/v1/tracks/6EDO9iiTtwNv6waLwa1UUq,https://api.spotify.com/v1/audio-analysis/6EDO9iiTtwNv6waLwa1UUq,200221,4,1,Rap
0.747,0.622,11,-5.825,1,0.0838,0.176,0.0,0.151,0.57,159.93,audio_features,2fZTS0VboxRpF0FdfY7E5P,spotify:track:2fZTS0VboxRpF0FdfY7E5P,https://api.spotify.com/v1/tracks/2fZTS0VboxRpF0FdfY7E5P,https://api.spotify.com/v1/audio-analysis/2fZTS0VboxRpF0FdfY7E5P,181661,4,1,Rap
0.49,0.618,1,-5.655,1,0.104,0.0221,3.77e-06,0.259,0.286,99.7,audio_features,1H7KnK26kc1YyellpbINEn,spotify:track:1H7KnK26kc1YyellpbINEn,https://api.spotify.com/v1/tracks/1H7KnK26kc1YyellpbINEn,https://api.spotify.com/v1/audio-analysis/1H7KnK26kc1YyellpbINEn,201600,4,1,Rap
0.799,0.66,1,-6.153,0,0.079,0.256,0.0,0.111,0.471,140.04,audio_features,02kDW379Yfd5PzW5A6vuGt,spotify:track:02kDW379Yfd5PzW5A6vuGt,https://api.spotify.com/v1/tracks/02kDW379Yfd5PzW5A6vuGt,https://api.spotify.com/v1/audio-analysis/02kDW379Yfd5PzW5A6vuGt,195429,4,1,Rap
0.801,0.596,1,-4.72,1,0.0534,0.00301,0.0,0.162,0.134,120.028,audio_features,76MjtLfZoTNc3BDqUVjuRH,spotify:track:76MjtLfZoTNc3BDqUVjuRH,https://api.spotify.com/v1/tracks/76MjtLfZoTNc3BDqUVjuRH,https://api.spotify.com/v1/audio-analysis/76MjtLfZoTNc3BDqUVjuRH,280666,4,1,Rap
0.816,0.579,1,-6.097,1,0.0867,0.203,0.0,0.127,0.43,120.078,audio_features,4Zjdzxx0dsavsr7Ehr8fGE,spotify:track:4Zjdzxx0dsavsr7Ehr8fGE,https://api.spotify.com/v1/tracks/4Zjdzxx0dsavsr7Ehr8fGE,https://api.spotify.com/v1/audio-analysis/4Zjdzxx0dsavsr7Ehr8fGE,226314,4,1,Rap
0.877,0.607,10,-7.818,0,0.15,0.535,0.0,0.138,0.773,127.055,audio_features,7dmD4eaEb5UCBYcEJkLke9,spotify:track:7dmD4eaEb5UCBYcEJkLke9,https://api.spotify.com/v1/tracks/7dmD4eaEb5UCBYcEJkLke9,https://api.spotify.com/v1/audio-analysis/7dmD4eaEb5UCBYcEJkLke9,151249,4,1,Rap
0.752,0.673,10,-5.792,0,0.153,0.0538,0.0,0.133,0.35,164.009,audio_features,2QqJTIlGKRLJC3onkavYEz,spotify:track:2QqJTIlGKRLJC3onkavYEz,https://api.spotify.com/v1/tracks/2QqJTIlGKRLJC3onkavYEz,https://api.spotify.com/v1/audio-analysis/2QqJTIlGKRLJC3onkavYEz,163902,4,1,Rap
0.863,0.626,7,-6.32,1,0.359,0.00936,0.0,0.0946,0.705,149.915,audio_features,06R3hA4D1jyj8f8untfQNB,spotify:track:06R3hA4D1jyj8f8untfQNB,https://api.spotify.com/v1/tracks/06R3hA4D1jyj8f8untfQNB,https://api.spotify.com/v1/audio-analysis/06R3hA4D1jyj8f8untfQNB,144043,4,1,Rap
0.943,0.641,1,-5.598,1,0.191,0.0016,0.0,0.211,0.242,99.099,audio_features,5EzL7hGT9g2Tvqsy158Lu9,spotify:track:5EzL7hGT9g2Tvqsy158Lu9,https://api.spotify.com/v1/tracks/5EzL7hGT9g2Tvqsy158Lu9,https://api.spotify.com/v1/audio-analysis/5EzL7hGT9g2Tvqsy158Lu9,218333,4,1,Rap
0.825,0.458,0,-7.47,1,0.0577,0.114,0.0,0.102,0.161,145.115,audio_features,3nS9a01VvXHQriLqJYwRqG,spotify:track:3nS9a01VvXHQriLqJYwRqG,https://api.spotify.com/v1/tracks/3nS9a01VvXHQriLqJYwRqG,https://api.spotify.com/v1/audio-analysis/3nS9a01VvXHQriLqJYwRqG,197760,4,1,Rap
0.688,0.647,2,-7.258,1,0.19,0.00815,1.65e-05,0.095,0.195,88.834,audio_features,25zlnOAzbVoOzIeXSvQFf1,spotify:track:25zlnOAzbVoOzIeXSvQFf1,https://api.spotify.com/v1/tracks/25zlnOAzbVoOzIeXSvQFf1,https://api.spotify.com/v1/audio-analysis/25zlnOAzbVoOzIeXSvQFf1,164580,4,1,Rap
0.926,0.542,1,-5.064,1,0.293,0.135,0.0,0.0877,0.564,135.14,audio_features,6gxKUmycQX7uyMwJcweFjp,spotify:track:6gxKUmycQX7uyMwJcweFjp,https://api.spotify.com/v1/tracks/6gxKUmycQX7uyMwJcweFjp,https://api.spotify.com/v1/audio-analysis/6gxKUmycQX7uyMwJcweFjp,181929,4,1,Rap
0.746,0.69,11,-7.956,1,0.164,0.247,0.0,0.101,0.497,89.977,audio_features,7ytR5pFWmSjzHJIeQkgog4,spotify:track:7ytR5pFWmSjzHJIeQkgog4,https://api.spotify.com/v1/tracks/7ytR5pFWmSjzHJIeQkgog4,https://api.spotify.com/v1/audio-analysis/7ytR5pFWmSjzHJIeQkgog4,181733,4,1,Rap
0.904,0.672,1,-6.544,1,0.197,0.00382,3e-06,0.138,0.398,139.984,audio_features,5Tj4faD9lGyMw8ZatUYR6G,spotify:track:5Tj4faD9lGyMw8ZatUYR6G,https://api.spotify.com/v1/tracks/5Tj4faD9lGyMw8ZatUYR6G,https://api.spotify.com/v1/audio-analysis/5Tj4faD9lGyMw8ZatUYR6G,180935,4,1,Rap
0.868,0.638,2,-7.746,1,0.0736,0.146,0.0565,0.0931,0.459,126.03,audio_features,7v96VvFLS0wSYT8kewNLRy,spotify:track:7v96VvFLS0wSYT8kewNLRy,https://api.spotify.com/v1/tracks/7v96VvFLS0wSYT8kewNLRy,https://api.spotify.com/v1/audio-analysis/7v96VvFLS0wSYT8kewNLRy,182857,4,1,Rap
0.783,0.479,7,-10.646,1,0.541,0.149,0.0,0.101,0.533,176.027,audio_features,3JKgcAa7r07ocVWcV8bS0H,spotify:track:3JKgcAa7r07ocVWcV8bS0H,https://api.spotify.com/v1/tracks/3JKgcAa7r07ocVWcV8bS0H,https://api.spotify.com/v1/audio-analysis/3JKgcAa7r07ocVWcV8bS0H,163798,4,1,Rap
0.945,0.662,6,-6.581,1,0.24,0.0326,1.17e-05,0.124,0.782,124.01,audio_features,67K5Ki1bLemeOlN012sip8,spotify:track:67K5Ki1bLemeOlN012sip8,https://api.spotify.com/v1/tracks/67K5Ki1bLemeOlN012sip8,https://api.spotify.com/v1/audio-analysis/67K5Ki1bLemeOlN012sip8,140467,4,1,Rap
0.694,0.685,6,-6.535,0,0.133,0.224,0.0,0.124,0.306,158.831,audio_features,6wQlQrTY5mVS8EGaFZVwVF,spotify:track:6wQlQrTY5mVS8EGaFZVwVF,https://api.spotify.com/v1/tracks/6wQlQrTY5mVS8EGaFZVwVF,https://api.spotify.com/v1/audio-analysis/6wQlQrTY5mVS8EGaFZVwVF,196180,4,1,Rap
0.752,0.313,0,-19.736,1,0.414,0.136,0.0,0.119,0.514,148.034,audio_features,5DBdAu8Zs7YMWODjuFq6EX,spotify:track:5DBdAu8Zs7YMWODjuFq6EX,https://api.spotify.com/v1/tracks/5DBdAu8Zs7YMWODjuFq6EX,https://api.spotify.com/v1/audio-analysis/5DBdAu8Zs7YMWODjuFq6EX,223974,4,1,Rap
0.406,0.524,5,-11.071,1,0.255,0.469,3.95e-06,0.117,0.412,56.046,audio_features,5OkYfk72CNL8XLqa3gp9q7,spotify:track:5OkYfk72CNL8XLqa3gp9q7,https://api.spotify.com/v1/tracks/5OkYfk72CNL8XLqa3gp9q7,https://api.spotify.com/v1/audio-analysis/5OkYfk72CNL8XLqa3gp9q7,282560,4,1,Rap
0.61,0.569,10,-9.447,0,0.345,0.0398,0.0,0.337,0.287,81.409,audio_features,0FlfN5cbUUpIHCRH8X1M44,spotify:track:0FlfN5cbUUpIHCRH8X1M44,https://api.spotify.com/v1/tracks/0FlfN5cbUUpIHCRH8X1M44,https://api.spotify.com/v1/audio-analysis/0FlfN5cbUUpIHCRH8X1M44,304640,4,1,Rap
0.837,0.482,8,-8.608,0,0.365,0.268,0.0,0.0991,0.444,143.01,audio_features,2h4cmbyb6S7e8igDZIITJU,spotify:track:2h4cmbyb6S7e8igDZIITJU,https://api.spotify.com/v1/tracks/2h4cmbyb6S7e8igDZIITJU,https://api.spotify.com/v1/audio-analysis/2h4cmbyb6S7e8igDZIITJU,169532,4,1,Rap
0.764,0.54,1,-8.73,0,0.225,0.243,0.0,0.0846,0.54,155.109,audio_features,6ighVlHNMvUaIdwKlJ0hA7,spotify:track:6ighVlHNMvUaIdwKlJ0hA7,https://api.spotify.com/v1/tracks/6ighVlHNMvUaIdwKlJ0hA7,https://api.spotify.com/v1/audio-analysis/6ighVlHNMvUaIdwKlJ0hA7,136445,4,1,Rap
0.809,0.68,4,-4.883,1,0.222,0.0535,1.2e-06,0.11,0.0653,143.988,audio_features,5esKpsrB3TbGHwFaAjIGMx,spotify:track:5esKpsrB3TbGHwFaAjIGMx,https://api.spotify.com/v1/tracks/5esKpsrB3TbGHwFaAjIGMx,https://api.spotify.com/v1/audio-analysis/5esKpsrB3TbGHwFaAjIGMx,146009,4,1,Rap
0.954,0.696,10,-7.117,0,0.204,0.00576,0.000498,0.0754,0.432,100.036,audio_features,4Hpib09wXgD84w4uwTPnYD,spotify:track:4Hpib09wXgD84w4uwTPnYD,https://api.spotify.com/v1/tracks/4Hpib09wXgD84w4uwTPnYD,https://api.spotify.com/v1/audio-analysis/4Hpib09wXgD84w4uwTPnYD,139413,4,1,Rap
0.709,0.679,11,-6.503,0,0.346,0.0115,0.0,0.0971,0.754,162.973,audio_features,2T5NBwKRySiCR78vVk08vr,spotify:track:2T5NBwKRySiCR78vVk08vr,https://api.spotify.com/v1/tracks/2T5NBwKRySiCR78vVk08vr,https://api.spotify.com/v1/audio-analysis/2T5NBwKRySiCR78vVk08vr,153467,4,1,Rap
0.701,0.65,6,-6.313,1,0.104,0.291,0.0,0.112,0.647,90.003,audio_features,66FgjA5ZQJJuypFG1bc8se,spotify:track:66FgjA5ZQJJuypFG1bc8se,https://api.spotify.com/v1/tracks/66FgjA5ZQJJuypFG1bc8se,https://api.spotify.com/v1/audio-analysis/66FgjA5ZQJJuypFG1bc8se,160212,4,1,Rap
0.68,0.826,5,-2.561,1,0.27,0.562,0.0,0.254,0.804,146.95,audio_features,4OENnoidV0h8gJV6bhrw7r,spotify:track:4OENnoidV0h8gJV6bhrw7r,https://api.spotify.com/v1/tracks/4OENnoidV0h8gJV6bhrw7r,https://api.spotify.com/v1/audio-analysis/4OENnoidV0h8gJV6bhrw7r,248937,4,1,Rap
0.691,0.632,1,-7.598,1,0.0513,0.122,0.0,0.0646,0.488,169.982,audio_features,4kfeRwpq5KUaqTkgi4TbDF,spotify:track:4kfeRwpq5KUaqTkgi4TbDF,https://api.spotify.com/v1/tracks/4kfeRwpq5KUaqTkgi4TbDF,https://api.spotify.com/v1/audio-analysis/4kfeRwpq5KUaqTkgi4TbDF,205666,4,1,Rap
0.821,0.863,6,-3.159,1,0.353,0.00824,0.0,0.0377,0.874,180.013,audio_features,6WbTTAGKrQtCQvmc5BuYfh,spotify:track:6WbTTAGKrQtCQvmc5BuYfh,https://api.spotify.com/v1/tracks/6WbTTAGKrQtCQvmc5BuYfh,https://api.spotify.com/v1/audio-analysis/6WbTTAGKrQtCQvmc5BuYfh,154324,4,1,Rap
0.714,0.436,5,-8.938,0,0.322,0.439,0.0,0.121,0.535,138.035,audio_features,71Ih7wOeWd2EJxKi77Yiqi,spotify:track:71Ih7wOeWd2EJxKi77Yiqi,https://api.spotify.com/v1/tracks/71Ih7wOeWd2EJxKi77Yiqi,https://api.spotify.com/v1/audio-analysis/71Ih7wOeWd2EJxKi77Yiqi,242368,4,1,Rap
0.941,0.463,8,-5.993,1,0.113,0.0247,5.53e-05,0.192,0.312,127.003,audio_features,1KyZ4rUiW2lkqGNLQYKpcC,spotify:track:1KyZ4rUiW2lkqGNLQYKpcC,https://api.spotify.com/v1/tracks/1KyZ4rUiW2lkqGNLQYKpcC,https://api.spotify.com/v1/audio-analysis/1KyZ4rUiW2lkqGNLQYKpcC,187898,4,1,Rap
0.852,0.745,11,-3.667,0,0.171,0.0313,0.0,0.0824,0.897,148.007,audio_features,6mtjo5kIHKlboGE84lf1FJ,spotify:track:6mtjo5kIHKlboGE84lf1FJ,https://api.spotify.com/v1/tracks/6mtjo5kIHKlboGE84lf1FJ,https://api.spotify.com/v1/audio-analysis/6mtjo5kIHKlboGE84lf1FJ,195681,4,1,Rap
0.929,0.667,8,-6.789,0,0.353,0.0185,0.0,0.1,0.274,126.998,audio_features,45npF3MKvCa1sO7s4y7qBf,spotify:track:45npF3MKvCa1sO7s4y7qBf,https://api.spotify.com/v1/tracks/45npF3MKvCa1sO7s4y7qBf,https://api.spotify.com/v1/audio-analysis/45npF3MKvCa1sO7s4y7qBf,155168,4,1,Rap
0.59,0.618,1,-5.756,1,0.334,0.0127,0.0,0.244,0.153,96.459,audio_features,44gRhRi2OhEf7moAUj6MD1,spotify:track:44gRhRi2OhEf7moAUj6MD1,https://api.spotify.com/v1/tracks/44gRhRi2OhEf7moAUj6MD1,https://api.spotify.com/v1/audio-analysis/44gRhRi2OhEf7moAUj6MD1,252729,3,1,Rap
0.741,0.678,1,-5.835,1,0.355,0.0204,0.0,0.0782,0.718,165.106,audio_features,07twUUK8jWUCVsrSoEgbLW,spotify:track:07twUUK8jWUCVsrSoEgbLW,https://api.spotify.com/v1/tracks/07twUUK8jWUCVsrSoEgbLW,https://api.spotify.com/v1/audio-analysis/07twUUK8jWUCVsrSoEgbLW,156533,4,1,Rap
0.698,0.572,2,-7.735,1,0.198,0.135,0.0,0.154,0.391,71.446,audio_features,3calQ6T24KiVOWlRKr7rfl,spotify:track:3calQ6T24KiVOWlRKr7rfl,https://api.spotify.com/v1/tracks/3calQ6T24KiVOWlRKr7rfl,https://api.spotify.com/v1/audio-analysis/3calQ6T24KiVOWlRKr7rfl,176959,4,1,Rap
0.752,0.375,6,-10.157,0,0.204,0.533,0.0,0.175,0.591,129.995,audio_features,0XkmeG97T4mtYlWRJcrxec,spotify:track:0XkmeG97T4mtYlWRJcrxec,https://api.spotify.com/v1/tracks/0XkmeG97T4mtYlWRJcrxec,https://api.spotify.com/v1/audio-analysis/0XkmeG97T4mtYlWRJcrxec,147673,4,1,Rap
0.773,0.742,5,-5.453,0,0.162,0.00198,0.0,0.558,0.35,148.949,audio_features,0Tcw8w9pvPrZoORgxsNASW,spotify:track:0Tcw8w9pvPrZoORgxsNASW,https://api.spotify.com/v1/tracks/0Tcw8w9pvPrZoORgxsNASW,https://api.spotify.com/v1/audio-analysis/0Tcw8w9pvPrZoORgxsNASW,186843,4,1,Rap
0.796,0.683,10,-5.165,0,0.277,0.0111,2.58e-06,0.126,0.737,173.852,audio_features,341lTIxmhybbQsgydwJiFx,spotify:track:341lTIxmhybbQsgydwJiFx,https://api.spotify.com/v1/tracks/341lTIxmhybbQsgydwJiFx,https://api.spotify.com/v1/audio-analysis/341lTIxmhybbQsgydwJiFx,141123,3,1,Rap
0.658,0.823,1,-3.502,1,0.16,0.0103,0.0,0.0801,0.232,170.498,audio_features,4dngUamfm6p0w111i1zyT2,spotify:track:4dngUamfm6p0w111i1zyT2,https://api.spotify.com/v1/tracks/4dngUamfm6p0w111i1zyT2,https://api.spotify.com/v1/audio-analysis/4dngUamfm6p0w111i1zyT2,202954,4,1,Rap
0.746,0.69,11,-7.956,1,0.164,0.247,0.0,0.101,0.497,89.977,audio_features,7ytR5pFWmSjzHJIeQkgog4,spotify:track:7ytR5pFWmSjzHJIeQkgog4,https://api.spotify.com/v1/tracks/7ytR5pFWmSjzHJIeQkgog4,https://api.spotify.com/v1/audio-analysis/7ytR5pFWmSjzHJIeQkgog4,181733,4,1,Rap
0.904,0.723,11,-5.224,0,0.26,0.0631,0.0,0.185,0.835,145.013,audio_features,2MbdDtCv5LUVjYy9RuGTgC,spotify:track:2MbdDtCv5LUVjYy9RuGTgC,https://api.spotify.com/v1/tracks/2MbdDtCv5LUVjYy9RuGTgC,https://api.spotify.com/v1/audio-analysis/2MbdDtCv5LUVjYy9RuGTgC,227478,4,1,Rap
0.774,0.554,0,-7.909,1,0.0383,0.207,0.0,0.132,0.349,99.034,audio_features,6wJYhPfqk3KGhHRG76WzOh,spotify:track:6wJYhPfqk3KGhHRG76WzOh,https://api.spotify.com/v1/tracks/6wJYhPfqk3KGhHRG76WzOh,https://api.spotify.com/v1/audio-analysis/6wJYhPfqk3KGhHRG76WzOh,162547,4,1,Rap
0.896,0.586,10,-6.687,0,0.0559,0.104,0.0,0.79,0.642,116.971,audio_features,0nbXyq5TXYPCO7pr3N8S4I,spotify:track:0nbXyq5TXYPCO7pr3N8S4I,https://api.spotify.com/v1/tracks/0nbXyq5TXYPCO7pr3N8S4I,https://api.spotify.com/v1/audio-analysis/0nbXyq5TXYPCO7pr3N8S4I,196653,4,1,Rap
0.867,0.744,2,-5.171,1,0.227,0.268,0.0,0.0713,0.645,84.005,audio_features,4cSSL3YafYjM3yjgFO1vJg,spotify:track:4cSSL3YafYjM3yjgFO1vJg,https://api.spotify.com/v1/tracks/4cSSL3YafYjM3yjgFO1vJg,https://api.spotify.com/v1/audio-analysis/4cSSL3YafYjM3yjgFO1vJg,173288,4,1,Rap
0.629,0.692,5,-8.045,1,0.0376,0.00981,0.331,0.603,0.453,162.948,audio_features,527k23H0A4Q0UJN3vGs0Da,spotify:track:527k23H0A4Q0UJN3vGs0Da,https://api.spotify.com/v1/tracks/527k23H0A4Q0UJN3vGs0Da,https://api.spotify.com/v1/audio-analysis/527k23H0A4Q0UJN3vGs0Da,167916,4,1,Rap
0.676,0.609,2,-5.831,0,0.481,0.0706,0.0,0.152,0.508,142.037,audio_features,5yY9lUy8nbvjM1Uyo1Uqoc,spotify:track:5yY9lUy8nbvjM1Uyo1Uqoc,https://api.spotify.com/v1/tracks/5yY9lUy8nbvjM1Uyo1Uqoc,https://api.spotify.com/v1/audio-analysis/5yY9lUy8nbvjM1Uyo1Uqoc,237735,4,1,Rap
0.899,0.735,4,-7.719,1,0.4,0.0506,0.0,0.15,0.884,143.001,audio_features,3faAAUxohrxqYhPlneZ3XV,spotify:track:3faAAUxohrxqYhPlneZ3XV,https://api.spotify.com/v1/tracks/3faAAUxohrxqYhPlneZ3XV,https://api.spotify.com/v1/audio-analysis/3faAAUxohrxqYhPlneZ3XV,188107,4,1,Rap
0.735,0.449,10,-7.507,1,0.347,0.629,0.0,0.113,0.0397,122.947,audio_features,4wVOKKEHUJxHCFFNUWDn0B,spotify:track:4wVOKKEHUJxHCFFNUWDn0B,https://api.spotify.com/v1/tracks/4wVOKKEHUJxHCFFNUWDn0B,https://api.spotify.com/v1/audio-analysis/4wVOKKEHUJxHCFFNUWDn0B,220488,4,1,Rap
0.716,0.537,0,-7.648,0,0.0514,0.233,0.0,0.157,0.28,129.979,audio_features,39Yp9wwQiSRIDOvrVg7mbk,spotify:track:39Yp9wwQiSRIDOvrVg7mbk,https://api.spotify.com/v1/tracks/39Yp9wwQiSRIDOvrVg7mbk,https://api.spotify.com/v1/audio-analysis/39Yp9wwQiSRIDOvrVg7mbk,165978,4,1,Rap
0.893,0.618,7,-4.425,0,0.112,0.0827,0.0,0.542,0.389,119.099,audio_features,0lSZh5W0wDeurkGzLYY6hf,spotify:track:0lSZh5W0wDeurkGzLYY6hf,https://api.spotify.com/v1/tracks/0lSZh5W0wDeurkGzLYY6hf,https://api.spotify.com/v1/audio-analysis/0lSZh5W0wDeurkGzLYY6hf,161377,4,1,Rap
0.816,0.582,8,-4.141,1,0.341,0.0794,5.84e-06,0.0916,0.542,160.004,audio_features,2FvD20Z8aoWIePi7PoN8sG,spotify:track:2FvD20Z8aoWIePi7PoN8sG,https://api.spotify.com/v1/tracks/2FvD20Z8aoWIePi7PoN8sG,https://api.spotify.com/v1/audio-analysis/2FvD20Z8aoWIePi7PoN8sG,136366,4,1,Rap
0.809,0.545,7,-6.678,1,0.0735,0.392,0.0,0.151,0.244,97.008,audio_features,3QzAOrNlsabgbMwlZt7TAY,spotify:track:3QzAOrNlsabgbMwlZt7TAY,https://api.spotify.com/v1/tracks/3QzAOrNlsabgbMwlZt7TAY,https://api.spotify.com/v1/audio-analysis/3QzAOrNlsabgbMwlZt7TAY,180435,4,1,Rap
0.499,0.902,7,-4.661,1,0.335,0.577,0.0,0.14,0.814,175.964,audio_features,0rj6p4QyK02EZ9HDlNyR84,spotify:track:0rj6p4QyK02EZ9HDlNyR84,https://api.spotify.com/v1/tracks/0rj6p4QyK02EZ9HDlNyR84,https://api.spotify.com/v1/audio-analysis/0rj6p4QyK02EZ9HDlNyR84,204617,3,1,Rap
0.802,0.591,8,-4.895,1,0.225,0.0104,0.0,0.196,0.309,139.864,audio_features,6gi6y1xwmVszDWkUqab1qw,spotify:track:6gi6y1xwmVszDWkUqab1qw,https://api.spotify.com/v1/tracks/6gi6y1xwmVszDWkUqab1qw,https://api.spotify.com/v1/audio-analysis/6gi6y1xwmVszDWkUqab1qw,157712,4,1,Rap
0.881,0.457,7,-8.191,0,0.156,0.0327,0.0,0.231,0.296,136.97,audio_features,2Ec33AVlkTTq8BHFgBTdQs,spotify:track:2Ec33AVlkTTq8BHFgBTdQs,https://api.spotify.com/v1/tracks/2Ec33AVlkTTq8BHFgBTdQs,https://api.spotify.com/v1/audio-analysis/2Ec33AVlkTTq8BHFgBTdQs,198913,4,1,Rap
0.845,0.631,7,-8.206,0,0.216,0.188,0.0,0.0806,0.545,111.983,audio_features,4ea9w8c4ROqiZpJVhfBA3m,spotify:track:4ea9w8c4ROqiZpJVhfBA3m,https://api.spotify.com/v1/tracks/4ea9w8c4ROqiZpJVhfBA3m,https://api.spotify.com/v1/audio-analysis/4ea9w8c4ROqiZpJVhfBA3m,279907,4,1,Rap
0.825,0.373,5,-5.532,0,0.108,0.163,0.0,0.368,0.12,77.271,audio_features,6Kj17Afjo1OKJYpf5VzCeo,spotify:track:6Kj17Afjo1OKJYpf5VzCeo,https://api.spotify.com/v1/tracks/6Kj17Afjo1OKJYpf5VzCeo,https://api.spotify.com/v1/audio-analysis/6Kj17Afjo1OKJYpf5VzCeo,149078,4,1,Rap
0.831,0.502,10,-4.045,0,0.046,0.101,0.0,0.122,0.101,100.541,audio_features,5ry2OE6R2zPQFDO85XkgRb,spotify:track:5ry2OE6R2zPQFDO85XkgRb,https://api.spotify.com/v1/tracks/5ry2OE6R2zPQFDO85XkgRb,https://api.spotify.com/v1/audio-analysis/5ry2OE6R2zPQFDO85XkgRb,205427,4,1,Rap
0.747,0.497,4,-6.542,0,0.0401,0.248,0.0,0.138,0.0663,142.046,audio_features,0Li1OuXXfi7950ilZUFGkF,spotify:track:0Li1OuXXfi7950ilZUFGkF,https://api.spotify.com/v1/tracks/0Li1OuXXfi7950ilZUFGkF,https://api.spotify.com/v1/audio-analysis/0Li1OuXXfi7950ilZUFGkF,158709,4,1,Rap
0.73,0.534,3,-6.413,0,0.0687,0.703,0.0,0.152,0.607,126.068,audio_features,1kB7h3ZlHtgG6DSvsg3DGP,spotify:track:1kB7h3ZlHtgG6DSvsg3DGP,https://api.spotify.com/v1/tracks/1kB7h3ZlHtgG6DSvsg3DGP,https://api.spotify.com/v1/audio-analysis/1kB7h3ZlHtgG6DSvsg3DGP,168676,4,1,Rap
0.819,0.654,11,-6.665,0,0.136,0.517,0.0,0.0996,0.455,133.503,audio_features,733c1CWmIGymoQXdp7Us88,spotify:track:733c1CWmIGymoQXdp7Us88,https://api.spotify.com/v1/tracks/733c1CWmIGymoQXdp7Us88,https://api.spotify.com/v1/audio-analysis/733c1CWmIGymoQXdp7Us88,188563,4,1,Rap
0.883,0.525,2,-8.054,0,0.0633,0.189,0.0,0.0971,0.312,99.978,audio_features,2zjGJ0dChMR0KxBZS15aqo,spotify:track:2zjGJ0dChMR0KxBZS15aqo,https://api.spotify.com/v1/tracks/2zjGJ0dChMR0KxBZS15aqo,https://api.spotify.com/v1/audio-analysis/2zjGJ0dChMR0KxBZS15aqo,174100,4,1,Rap
0.768,0.652,1,-2.708,0,0.307,0.113,0.0,0.107,0.777,154.187,audio_features,0fySG6A6qLE8IvDpayb5bM,spotify:track:0fySG6A6qLE8IvDpayb5bM,https://api.spotify.com/v1/tracks/0fySG6A6qLE8IvDpayb5bM,https://api.spotify.com/v1/audio-analysis/0fySG6A6qLE8IvDpayb5bM,144935,4,1,Rap
0.75,0.789,2,-4.578,1,0.108,0.253,0.0,0.129,0.673,147.957,audio_features,7LGWmZaoS7jZJ5tEi9EcDi,spotify:track:7LGWmZaoS7jZJ5tEi9EcDi,https://api.spotify.com/v1/tracks/7LGWmZaoS7jZJ5tEi9EcDi,https://api.spotify.com/v1/audio-analysis/7LGWmZaoS7jZJ5tEi9EcDi,157133,4,1,Rap
0.823,0.586,6,-6.606,0,0.2,0.114,0.0,0.193,0.347,125.971,audio_features,0PvFJmanyNQMseIFrU708S,spotify:track:0PvFJmanyNQMseIFrU708S,https://api.spotify.com/v1/tracks/0PvFJmanyNQMseIFrU708S,https://api.spotify.com/v1/audio-analysis/0PvFJmanyNQMseIFrU708S,190476,4,1,Rap
0.598,0.427,7,-8.764,0,0.0317,0.0546,5.83e-06,0.21,0.0605,76.469,audio_features,3eekarcy7kvN4yt5ZFzltW,spotify:track:3eekarcy7kvN4yt5ZFzltW,https://api.spotify.com/v1/tracks/3eekarcy7kvN4yt5ZFzltW,https://api.spotify.com/v1/audio-analysis/3eekarcy7kvN4yt5ZFzltW,175721,4,1,Rap
0.662,0.762,9,-6.748,0,0.0644,0.191,0.0,0.47,0.57,82.958,audio_features,4cjvvfldLU4EeK0KkGEkVW,spotify:track:4cjvvfldLU4EeK0KkGEkVW,https://api.spotify.com/v1/tracks/4cjvvfldLU4EeK0KkGEkVW,https://api.spotify.com/v1/audio-analysis/4cjvvfldLU4EeK0KkGEkVW,188000,4,1,Rap
0.687,0.592,2,-6.378,1,0.224,0.203,0.0,0.279,0.246,178.83,audio_features,4l2rsMfr20dj6nf6i6F3Y8,spotify:track:4l2rsMfr20dj6nf6i6F3Y8,https://api.spotify.com/v1/tracks/4l2rsMfr20dj6nf6i6F3Y8,https://api.spotify.com/v1/audio-analysis/4l2rsMfr20dj6nf6i6F3Y8,225266,4,1,Rap
0.913,0.298,6,-13.57,0,0.219,0.0333,0.0,0.102,0.417,95.973,audio_features,0UECZgy4aZ93TVwquRIHN8,spotify:track:0UECZgy4aZ93TVwquRIHN8,https://api.spotify.com/v1/tracks/0UECZgy4aZ93TVwquRIHN8,https://api.spotify.com/v1/audio-analysis/0UECZgy4aZ93TVwquRIHN8,123125,4,1,Rap
0.769,0.787,11,-3.909,1,0.367,0.189,0.0,0.129,0.836,126.77,audio_features,6Ozh9Ok6h4Oi1wUSLtBseN,spotify:track:6Ozh9Ok6h4Oi1wUSLtBseN,https://api.spotify.com/v1/tracks/6Ozh9Ok6h4Oi1wUSLtBseN,https://api.spotify.com/v1/audio-analysis/6Ozh9Ok6h4Oi1wUSLtBseN,159715,4,1,Rap
0.802,0.82,10,-5.969,0,0.146,0.0579,0.0,0.149,0.613,164.005,audio_features,6YfTl5YupXOQBKiJJLrxcw,spotify:track:6YfTl5YupXOQBKiJJLrxcw,https://api.spotify.com/v1/tracks/6YfTl5YupXOQBKiJJLrxcw,https://api.spotify.com/v1/audio-analysis/6YfTl5YupXOQBKiJJLrxcw,172196,4,1,Rap
0.974,0.596,6,-8.888,1,0.184,0.0976,0.0,0.151,0.892,111.959,audio_features,3Ih7VhpeRyTIabBEGSCEW5,spotify:track:3Ih7VhpeRyTIabBEGSCEW5,https://api.spotify.com/v1/tracks/3Ih7VhpeRyTIabBEGSCEW5,https://api.spotify.com/v1/audio-analysis/3Ih7VhpeRyTIabBEGSCEW5,149040,4,1,Rap
0.735,0.369,9,-9.682,0,0.0688,0.334,0.0,0.126,0.235,140.004,audio_features,1iSqfoUFnQwV0QW1EfUit8,spotify:track:1iSqfoUFnQwV0QW1EfUit8,https://api.spotify.com/v1/tracks/1iSqfoUFnQwV0QW1EfUit8,https://api.spotify.com/v1/audio-analysis/1iSqfoUFnQwV0QW1EfUit8,222997,4,1,Rap
0.793,0.395,1,-5.578,1,0.385,0.277,1.4e-05,0.109,0.129,77.027,audio_features,4F6yN5FsFW10Ucx7cLCzBh,spotify:track:4F6yN5FsFW10Ucx7cLCzBh,https://api.spotify.com/v1/tracks/4F6yN5FsFW10Ucx7cLCzBh,https://api.spotify.com/v1/audio-analysis/4F6yN5FsFW10Ucx7cLCzBh,213287,4,1,Rap
0.835,0.575,1,-7.213,0,0.0501,0.00294,3.87e-05,0.107,0.369,96.025,audio_features,0VZYfguxphhrOjVgWzCZdA,spotify:track:0VZYfguxphhrOjVgWzCZdA,https://api.spotify.com/v1/tracks/0VZYfguxphhrOjVgWzCZdA,https://api.spotify.com/v1/audio-analysis/0VZYfguxphhrOjVgWzCZdA,143790,4,1,Rap
0.889,0.496,4,-6.365,0,0.0905,0.259,0.0,0.252,0.544,86.003,audio_features,2IRZnDFmlqMuOrYOLnZZyc,spotify:track:2IRZnDFmlqMuOrYOLnZZyc,https://api.spotify.com/v1/tracks/2IRZnDFmlqMuOrYOLnZZyc,https://api.spotify.com/v1/audio-analysis/2IRZnDFmlqMuOrYOLnZZyc,180522,4,1,Rap
0.763,0.628,11,-5.85,1,0.05,0.0531,0.0,0.114,0.193,140.958,audio_features,2cYqizR4lgvp4Qu6IQ3qGN,spotify:track:2cYqizR4lgvp4Qu6IQ3qGN,https://api.spotify.com/v1/tracks/2cYqizR4lgvp4Qu6IQ3qGN,https://api.spotify.com/v1/audio-analysis/2cYqizR4lgvp4Qu6IQ3qGN,190557,4,1,Rap
0.79,0.88,7,-1.983,1,0.376,0.324,0.0,0.0829,0.857,175.013,audio_features,05JdgtCKkZ5CoOjM5KS4EG,spotify:track:05JdgtCKkZ5CoOjM5KS4EG,https://api.spotify.com/v1/tracks/05JdgtCKkZ5CoOjM5KS4EG,https://api.spotify.com/v1/audio-analysis/05JdgtCKkZ5CoOjM5KS4EG,198694,4,1,Rap
0.886,0.479,4,-8.054,0,0.334,0.077,0.0,0.135,0.408,130.029,audio_features,7A20WnLkjtZU2d7hIB6Ziu,spotify:track:7A20WnLkjtZU2d7hIB6Ziu,https://api.spotify.com/v1/tracks/7A20WnLkjtZU2d7hIB6Ziu,https://api.spotify.com/v1/audio-analysis/7A20WnLkjtZU2d7hIB6Ziu,158692,4,1,Rap
0.651,0.631,6,-5.717,0,0.0896,0.519,0.000579,0.165,0.35,127.994,audio_features,3VyjsVV24RmBIbWJAeUJNu,spotify:track:3VyjsVV24RmBIbWJAeUJNu,https://api.spotify.com/v1/tracks/3VyjsVV24RmBIbWJAeUJNu,https://api.spotify.com/v1/audio-analysis/3VyjsVV24RmBIbWJAeUJNu,154424,4,1,Rap
0.91,0.371,1,-10.385,1,0.244,0.156,0.00789,0.108,0.109,100.078,audio_features,24aAp2821m3eQ2pnjOFhnR,spotify:track:24aAp2821m3eQ2pnjOFhnR,https://api.spotify.com/v1/tracks/24aAp2821m3eQ2pnjOFhnR,https://api.spotify.com/v1/audio-analysis/24aAp2821m3eQ2pnjOFhnR,138501,4,1,Rap
0.655,0.745,11,-6.068,0,0.253,0.367,0.0,0.0959,0.593,89.874,audio_features,7uXz2dQpT2FIRdJwrjJlmr,spotify:track:7uXz2dQpT2FIRdJwrjJlmr,https://api.spotify.com/v1/tracks/7uXz2dQpT2FIRdJwrjJlmr,https://api.spotify.com/v1/audio-analysis/7uXz2dQpT2FIRdJwrjJlmr,198354,4,1,Rap
0.901,0.676,2,-7.033,1,0.251,0.0646,0.0,0.0863,0.452,85.018,audio_features,5rU6kDNXZLXIinFezpbWbO,spotify:track:5rU6kDNXZLXIinFezpbWbO,https://api.spotify.com/v1/tracks/5rU6kDNXZLXIinFezpbWbO,https://api.spotify.com/v1/audio-analysis/5rU6kDNXZLXIinFezpbWbO,148278,4,1,Rap
0.876,0.662,2,-6.482,0,0.426,0.0608,0.0,0.127,0.844,75.445,audio_features,2gwkD6igEhQbDQegRCcdoB,spotify:track:2gwkD6igEhQbDQegRCcdoB,https://api.spotify.com/v1/tracks/2gwkD6igEhQbDQegRCcdoB,https://api.spotify.com/v1/audio-analysis/2gwkD6igEhQbDQegRCcdoB,163320,4,1,Rap
0.831,0.499,11,-8.442,0,0.114,0.269,0.0,0.3,0.511,97.956,audio_features,07KXEDMj78x68D884wgVEm,spotify:track:07KXEDMj78x68D884wgVEm,https://api.spotify.com/v1/tracks/07KXEDMj78x68D884wgVEm,https://api.spotify.com/v1/audio-analysis/07KXEDMj78x68D884wgVEm,220487,4,1,Rap
0.901,0.464,5,-9.789,0,0.0645,0.368,1.71e-05,0.238,0.638,109.004,audio_features,1fewSx2d5KIZ04wsooEBOz,spotify:track:1fewSx2d5KIZ04wsooEBOz,https://api.spotify.com/v1/tracks/1fewSx2d5KIZ04wsooEBOz,https://api.spotify.com/v1/audio-analysis/1fewSx2d5KIZ04wsooEBOz,203267,4,1,Rap
0.757,0.673,1,-8.513,1,0.141,0.095,0.0,0.338,0.574,92.958,audio_features,6ztvsy3C6hPjVg9j4x1XKJ,spotify:track:6ztvsy3C6hPjVg9j4x1XKJ,https://api.spotify.com/v1/tracks/6ztvsy3C6hPjVg9j4x1XKJ,https://api.spotify.com/v1/audio-analysis/6ztvsy3C6hPjVg9j4x1XKJ,185806,3,1,Rap
0.759,0.73,0,-7.985,0,0.0516,0.145,3.06e-06,0.11,0.74,115.007,audio_features,7eBqSVxrzQZtK2mmgRG6lC,spotify:track:7eBqSVxrzQZtK2mmgRG6lC,https://api.spotify.com/v1/tracks/7eBqSVxrzQZtK2mmgRG6lC,https://api.spotify.com/v1/audio-analysis/7eBqSVxrzQZtK2mmgRG6lC,268434,4,1,Rap
0.778,0.573,10,-7.339,0,0.251,0.015,0.0,0.464,0.269,140.114,audio_features,4bl1HBZliBuYpFZjWgefE4,spotify:track:4bl1HBZliBuYpFZjWgefE4,https://api.spotify.com/v1/tracks/4bl1HBZliBuYpFZjWgefE4,https://api.spotify.com/v1/audio-analysis/4bl1HBZliBuYpFZjWgefE4,198849,4,1,Rap
0.703,0.655,11,-6.226,0,0.0782,0.237,0.0,0.199,0.414,140.047,audio_features,4aaQnpGPG6YQ9pZW2D6xkq,spotify:track:4aaQnpGPG6YQ9pZW2D6xkq,https://api.spotify.com/v1/tracks/4aaQnpGPG6YQ9pZW2D6xkq,https://api.spotify.com/v1/audio-analysis/4aaQnpGPG6YQ9pZW2D6xkq,180675,4,1,Rap
0.665,0.651,1,-5.515,1,0.156,0.0414,0.0,0.0896,0.237,163.935,audio_features,3oDkdAySo1VQQG0ptV7uwa,spotify:track:3oDkdAySo1VQQG0ptV7uwa,https://api.spotify.com/v1/tracks/3oDkdAySo1VQQG0ptV7uwa,https://api.spotify.com/v1/audio-analysis/3oDkdAySo1VQQG0ptV7uwa,175755,4,1,Rap
0.81,0.353,6,-9.931,0,0.31,0.588,0.0,0.102,0.0727,88.031,audio_features,0AluA5RNsa4Cx6XRhf2hWZ,spotify:track:0AluA5RNsa4Cx6XRhf2hWZ,https://api.spotify.com/v1/tracks/0AluA5RNsa4Cx6XRhf2hWZ,https://api.spotify.com/v1/audio-analysis/0AluA5RNsa4Cx6XRhf2hWZ,208293,4,1,Rap
0.834,0.73,8,-3.714,1,0.222,0.00513,0.0,0.124,0.446,155.008,audio_features,2xLMifQCjDGFmkHkpNLD9h,spotify:track:2xLMifQCjDGFmkHkpNLD9h,https://api.spotify.com/v1/tracks/2xLMifQCjDGFmkHkpNLD9h,https://api.spotify.com/v1/audio-analysis/2xLMifQCjDGFmkHkpNLD9h,312820,4,1,Rap
0.823,0.476,7,-8.951,1,0.242,0.0115,0.0,0.213,0.353,144.998,audio_features,3RZftiuTcLOqpsd8ZlwNhr,spotify:track:3RZftiuTcLOqpsd8ZlwNhr,https://api.spotify.com/v1/tracks/3RZftiuTcLOqpsd8ZlwNhr,https://api.spotify.com/v1/audio-analysis/3RZftiuTcLOqpsd8ZlwNhr,174067,4,1,Rap
0.682,0.559,0,-5.545,1,0.127,0.174,0.0,0.344,0.137,202.015,audio_features,3j84U36KvLeXNDPv4t5pI8,spotify:track:3j84U36KvLeXNDPv4t5pI8,https://api.spotify.com/v1/tracks/3j84U36KvLeXNDPv4t5pI8,https://api.spotify.com/v1/audio-analysis/3j84U36KvLeXNDPv4t5pI8,192471,4,1,Rap
0.812,0.662,0,-6.291,1,0.0825,0.0871,0.0,0.215,0.63,81.584,audio_features,7jfImLxQfyHZYlTcSvP14t,spotify:track:7jfImLxQfyHZYlTcSvP14t,https://api.spotify.com/v1/tracks/7jfImLxQfyHZYlTcSvP14t,https://api.spotify.com/v1/audio-analysis/7jfImLxQfyHZYlTcSvP14t,124500,4,1,Rap
0.684,0.671,2,-6.424,0,0.289,0.0119,0.0,0.0769,0.45,179.987,audio_features,2WsuSYJNXGKXVYkHPnq2yp,spotify:track:2WsuSYJNXGKXVYkHPnq2yp,https://api.spotify.com/v1/tracks/2WsuSYJNXGKXVYkHPnq2yp,https://api.spotify.com/v1/audio-analysis/2WsuSYJNXGKXVYkHPnq2yp,171253,4,1,Rap
0.623,0.608,1,-5.937,0,0.0434,0.426,0.0,0.105,0.263,84.98,audio_features,6MjNilJCVKJq0LfFvo5jWJ,spotify:track:6MjNilJCVKJq0LfFvo5jWJ,https://api.spotify.com/v1/tracks/6MjNilJCVKJq0LfFvo5jWJ,https://api.spotify.com/v1/audio-analysis/6MjNilJCVKJq0LfFvo5jWJ,208518,4,1,Rap
0.964,0.487,10,-6.071,0,0.421,0.00127,6.57e-06,0.115,0.107,127.05,audio_features,577YBGuskWkVDCxZrLRB4v,spotify:track:577YBGuskWkVDCxZrLRB4v,https://api.spotify.com/v1/tracks/577YBGuskWkVDCxZrLRB4v,https://api.spotify.com/v1/audio-analysis/577YBGuskWkVDCxZrLRB4v,154024,4,1,Rap
0.785,0.554,0,-6.571,1,0.0409,0.283,3.4e-06,0.116,0.144,128.047,audio_features,7lAK3oHbfEnvUQWosrMMpR,spotify:track:7lAK3oHbfEnvUQWosrMMpR,https://api.spotify.com/v1/tracks/7lAK3oHbfEnvUQWosrMMpR,https://api.spotify.com/v1/audio-analysis/7lAK3oHbfEnvUQWosrMMpR,150043,4,1,Rap
0.581,0.662,9,-5.239,1,0.303,0.0153,0.0,0.111,0.434,93.023,audio_features,1wJRveJZLSb1rjhnUHQiv6,spotify:track:1wJRveJZLSb1rjhnUHQiv6,https://api.spotify.com/v1/tracks/1wJRveJZLSb1rjhnUHQiv6,https://api.spotify.com/v1/audio-analysis/1wJRveJZLSb1rjhnUHQiv6,189487,4,1,Rap
0.643,0.594,9,-5.191,0,0.0312,0.0695,1.46e-05,0.115,0.195,118.037,audio_features,4AO1XhrgJczQ9bNVxdfKQe,spotify:track:4AO1XhrgJczQ9bNVxdfKQe,https://api.spotify.com/v1/tracks/4AO1XhrgJczQ9bNVxdfKQe,https://api.spotify.com/v1/audio-analysis/4AO1XhrgJczQ9bNVxdfKQe,250142,4,1,Rap
0.791,0.624,1,-6.434,0,0.116,0.139,0.0,0.238,0.584,142.129,audio_features,4Gzd3UHf6EMguSEH6Xtugc,spotify:track:4Gzd3UHf6EMguSEH6Xtugc,https://api.spotify.com/v1/tracks/4Gzd3UHf6EMguSEH6Xtugc,https://api.spotify.com/v1/audio-analysis/4Gzd3UHf6EMguSEH6Xtugc,189360,4,1,Rap
0.487,0.789,8,-3.69,1,0.044,0.00947,4.05e-06,0.189,0.0564,150.007,audio_features,7wBJfHzpfI3032CSD7CE2m,spotify:track:7wBJfHzpfI3032CSD7CE2m,https://api.spotify.com/v1/tracks/7wBJfHzpfI3032CSD7CE2m,https://api.spotify.com/v1/audio-analysis/7wBJfHzpfI3032CSD7CE2m,270715,4,1,Rap
0.511,0.566,6,-7.23,0,0.2,0.349,0.0,0.34,0.218,83.903,audio_features,285pBltuF7vW8TeWk8hdRR,spotify:track:285pBltuF7vW8TeWk8hdRR,https://api.spotify.com/v1/tracks/285pBltuF7vW8TeWk8hdRR,https://api.spotify.com/v1/audio-analysis/285pBltuF7vW8TeWk8hdRR,239836,4,1,Rap
0.851,0.666,11,-5.334,0,0.0694,0.139,0.0,0.105,0.0585,134.068,audio_features,3sA7HKGzcKTVscdiTCrWpX,spotify:track:3sA7HKGzcKTVscdiTCrWpX,https://api.spotify.com/v1/tracks/3sA7HKGzcKTVscdiTCrWpX,https://api.spotify.com/v1/audio-analysis/3sA7HKGzcKTVscdiTCrWpX,129105,4,1,Rap
0.768,0.574,6,-6.104,0,0.136,0.384,1.65e-05,0.336,0.278,74.949,audio_features,4hqOmrCCJKyiuwDexd8c2t,spotify:track:4hqOmrCCJKyiuwDexd8c2t,https://api.spotify.com/v1/tracks/4hqOmrCCJKyiuwDexd8c2t,https://api.spotify.com/v1/audio-analysis/4hqOmrCCJKyiuwDexd8c2t,217776,4,1,Rap
0.791,0.587,3,-5.075,0,0.0413,0.407,0.0,0.148,0.536,96.057,audio_features,3Ol2xnObFdKV9pmRD2t9x8,spotify:track:3Ol2xnObFdKV9pmRD2t9x8,https://api.spotify.com/v1/tracks/3Ol2xnObFdKV9pmRD2t9x8,https://api.spotify.com/v1/audio-analysis/3Ol2xnObFdKV9pmRD2t9x8,179449,4,1,Rap
0.772,0.639,1,-7.119,1,0.467,0.15,0.0,0.0698,0.261,168.112,audio_features,6uFn47ACjqYkc0jADwEdj1,spotify:track:6uFn47ACjqYkc0jADwEdj1,https://api.spotify.com/v1/tracks/6uFn47ACjqYkc0jADwEdj1,https://api.spotify.com/v1/audio-analysis/6uFn47ACjqYkc0jADwEdj1,166560,4,1,Rap
0.888,0.639,10,-6.783,0,0.291,0.0496,0.0,0.247,0.559,126.0,audio_features,60JNitc2j3pc9jXHsR0NYv,spotify:track:60JNitc2j3pc9jXHsR0NYv,https://api.spotify.com/v1/tracks/60JNitc2j3pc9jXHsR0NYv,https://api.spotify.com/v1/audio-analysis/60JNitc2j3pc9jXHsR0NYv,154000,4,1,Rap
0.932,0.547,0,-7.787,0,0.333,0.0388,0.0,0.0924,0.695,94.998,audio_features,29ZXwWOOLz9t5fa3eT3i7T,spotify:track:29ZXwWOOLz9t5fa3eT3i7T,https://api.spotify.com/v1/tracks/29ZXwWOOLz9t5fa3eT3i7T,https://api.spotify.com/v1/audio-analysis/29ZXwWOOLz9t5fa3eT3i7T,176640,4,1,Rap
0.567,0.515,6,-10.265,0,0.247,0.354,0.0,0.078,0.321,120.1,audio_features,0RLLvYBopDwooCyvnTwgYu,spotify:track:0RLLvYBopDwooCyvnTwgYu,https://api.spotify.com/v1/tracks/0RLLvYBopDwooCyvnTwgYu,https://api.spotify.com/v1/audio-analysis/0RLLvYBopDwooCyvnTwgYu,224000,1,1,Rap
0.712,0.515,10,-6.004,0,0.0857,0.234,0.0,0.205,0.563,160.0,audio_features,2Jh3UqxnHJMyzMzku4uOtE,spotify:track:2Jh3UqxnHJMyzMzku4uOtE,https://api.spotify.com/v1/tracks/2Jh3UqxnHJMyzMzku4uOtE,https://api.spotify.com/v1/audio-analysis/2Jh3UqxnHJMyzMzku4uOtE,201920,4,1,Rap
0.912,0.412,7,-8.074,1,0.123,0.0165,0.0126,0.104,0.423,154.983,audio_features,0TlLq3lA83rQOYtrqBqSct,spotify:track:0TlLq3lA83rQOYtrqBqSct,https://api.spotify.com/v1/tracks/0TlLq3lA83rQOYtrqBqSct,https://api.spotify.com/v1/audio-analysis/0TlLq3lA83rQOYtrqBqSct,238614,4,1,Rap
0.871,0.682,6,-9.113,0,0.17,0.206,0.0548,0.132,0.639,140.084,audio_features,0gHcxtyWQT0HrlGxaxP1KT,spotify:track:0gHcxtyWQT0HrlGxaxP1KT,https://api.spotify.com/v1/tracks/0gHcxtyWQT0HrlGxaxP1KT,https://api.spotify.com/v1/audio-analysis/0gHcxtyWQT0HrlGxaxP1KT,169787,4,1,Rap
0.874,0.714,5,-4.946,1,0.233,0.0273,0.0,0.356,0.85,130.046,audio_features,1CCDIow4pPYyJYzhtTUYz2,spotify:track:1CCDIow4pPYyJYzhtTUYz2,https://api.spotify.com/v1/tracks/1CCDIow4pPYyJYzhtTUYz2,https://api.spotify.com/v1/audio-analysis/1CCDIow4pPYyJYzhtTUYz2,216678,4,1,Rap
0.611,0.741,0,-8.252,1,0.419,0.207,1.8e-06,0.0968,0.346,78.053,audio_features,41FHsjTiV0lDjuznRVtl6U,spotify:track:41FHsjTiV0lDjuznRVtl6U,https://api.spotify.com/v1/tracks/41FHsjTiV0lDjuznRVtl6U,https://api.spotify.com/v1/audio-analysis/41FHsjTiV0lDjuznRVtl6U,168500,4,1,Rap
0.754,0.575,4,-8.393,0,0.0682,0.045,0.00131,0.276,0.491,86.009,audio_features,7rC5Pl8rQSX4myONQHYPBK,spotify:track:7rC5Pl8rQSX4myONQHYPBK,https://api.spotify.com/v1/tracks/7rC5Pl8rQSX4myONQHYPBK,https://api.spotify.com/v1/audio-analysis/7rC5Pl8rQSX4myONQHYPBK,205147,4,1,Rap
0.755,0.772,6,-5.585,1,0.4,0.128,0.0,0.157,0.678,132.906,audio_features,3WyRgi8CzQnhzO0xw79tTS,spotify:track:3WyRgi8CzQnhzO0xw79tTS,https://api.spotify.com/v1/tracks/3WyRgi8CzQnhzO0xw79tTS,https://api.spotify.com/v1/audio-analysis/3WyRgi8CzQnhzO0xw79tTS,141827,4,1,Rap
0.617,0.684,0,-3.618,1,0.0439,0.0545,0.0,0.104,0.295,132.113,audio_features,05mDaV9Vb3wrzjF6OPZnhq,spotify:track:05mDaV9Vb3wrzjF6OPZnhq,https://api.spotify.com/v1/tracks/05mDaV9Vb3wrzjF6OPZnhq,https://api.spotify.com/v1/audio-analysis/05mDaV9Vb3wrzjF6OPZnhq,150867,4,1,Rap
0.852,0.73,1,-5.803,1,0.0579,0.0219,0.0,0.336,0.394,92.506,audio_features,7f1zjZG77S891Uv4O68yfk,spotify:track:7f1zjZG77S891Uv4O68yfk,https://api.spotify.com/v1/tracks/7f1zjZG77S891Uv4O68yfk,https://api.spotify.com/v1/audio-analysis/7f1zjZG77S891Uv4O68yfk,157693,4,1,Rap
0.542,0.674,6,-4.169,1,0.21,0.0588,0.0,0.0955,0.667,76.388,audio_features,0Xek5rqai2jcOWCYWJfVCF,spotify:track:0Xek5rqai2jcOWCYWJfVCF,https://api.spotify.com/v1/tracks/0Xek5rqai2jcOWCYWJfVCF,https://api.spotify.com/v1/audio-analysis/0Xek5rqai2jcOWCYWJfVCF,196760,4,1,Rap
0.474,0.631,5,-5.884,0,0.343,0.0687,0.0,0.132,0.425,180.051,audio_features,6Gg1gjgKi2AK4e0qzsR7sd,spotify:track:6Gg1gjgKi2AK4e0qzsR7sd,https://api.spotify.com/v1/tracks/6Gg1gjgKi2AK4e0qzsR7sd,https://api.spotify.com/v1/audio-analysis/6Gg1gjgKi2AK4e0qzsR7sd,189323,4,1,Rap
0.41,0.823,7,-4.127,1,0.129,0.00271,0.0331,0.155,0.247,81.958,audio_features,2Kqd6aqmRPW5g3JHvO9kR6,spotify:track:2Kqd6aqmRPW5g3JHvO9kR6,https://api.spotify.com/v1/tracks/2Kqd6aqmRPW5g3JHvO9kR6,https://api.spotify.com/v1/audio-analysis/2Kqd6aqmRPW5g3JHvO9kR6,219578,4,1,Rap
0.442,0.737,7,-5.046,1,0.109,0.0589,0.0,0.102,0.21,112.93,audio_features,12Fkyg9lpmaz2zmKOfw2Y2,spotify:track:12Fkyg9lpmaz2zmKOfw2Y2,https://api.spotify.com/v1/tracks/12Fkyg9lpmaz2zmKOfw2Y2,https://api.spotify.com/v1/audio-analysis/12Fkyg9lpmaz2zmKOfw2Y2,218320,5,1,Rap
0.736,0.67,10,-6.702,1,0.311,0.186,0.0,0.114,0.845,130.032,audio_features,5wujBwqG7INdStqGd4tRMX,spotify:track:5wujBwqG7INdStqGd4tRMX,https://api.spotify.com/v1/tracks/5wujBwqG7INdStqGd4tRMX,https://api.spotify.com/v1/audio-analysis/5wujBwqG7INdStqGd4tRMX,169999,4,1,Rap
0.68,0.549,5,-8.277,0,0.244,0.0919,7.14e-05,0.548,0.29,162.874,audio_features,3JWh19WsndEFg0UFRFeTiU,spotify:track:3JWh19WsndEFg0UFRFeTiU,https://api.spotify.com/v1/tracks/3JWh19WsndEFg0UFRFeTiU,https://api.spotify.com/v1/audio-analysis/3JWh19WsndEFg0UFRFeTiU,265373,4,1,Rap
0.745,0.646,6,-6.987,0,0.17,0.157,0.0,0.338,0.46,79.993,audio_features,2u7mxWSeoqTXndK5e08jMp,spotify:track:2u7mxWSeoqTXndK5e08jMp,https://api.spotify.com/v1/tracks/2u7mxWSeoqTXndK5e08jMp,https://api.spotify.com/v1/audio-analysis/2u7mxWSeoqTXndK5e08jMp,203908,4,1,Rap
0.963,0.346,5,-9.309,0,0.53,0.0355,0.0,0.108,0.562,119.957,audio_features,6vN77lE9LK6HP2DewaN6HZ,spotify:track:6vN77lE9LK6HP2DewaN6HZ,https://api.spotify.com/v1/tracks/6vN77lE9LK6HP2DewaN6HZ,https://api.spotify.com/v1/audio-analysis/6vN77lE9LK6HP2DewaN6HZ,142273,4,1,Rap
0.685,0.692,2,-5.122,1,0.0457,0.328,0.0,0.153,0.578,159.966,audio_features,6Hj9jySrnFppAI0sEMCZpJ,spotify:track:6Hj9jySrnFppAI0sEMCZpJ,https://api.spotify.com/v1/tracks/6Hj9jySrnFppAI0sEMCZpJ,https://api.spotify.com/v1/audio-analysis/6Hj9jySrnFppAI0sEMCZpJ,240051,5,1,Rap
0.725,0.681,1,-7.866,1,0.214,0.0253,0.0,0.191,0.668,100.018,audio_features,2lKLM8HBgjPkZj5IFI8oNi,spotify:track:2lKLM8HBgjPkZj5IFI8oNi,https://api.spotify.com/v1/tracks/2lKLM8HBgjPkZj5IFI8oNi,https://api.spotify.com/v1/audio-analysis/2lKLM8HBgjPkZj5IFI8oNi,268800,4,1,Rap
0.87,0.35,1,-6.082,1,0.277,0.00661,0.000483,0.108,0.175,74.963,audio_features,2Grb4G6t9VIqo6moKUloom,spotify:track:2Grb4G6t9VIqo6moKUloom,https://api.spotify.com/v1/tracks/2Grb4G6t9VIqo6moKUloom,https://api.spotify.com/v1/audio-analysis/2Grb4G6t9VIqo6moKUloom,168347,4,1,Rap
0.686,0.561,10,-9.929,0,0.191,0.185,0.0,0.114,0.186,148.775,audio_features,4guBZjUyrGoHsTahO3IHdj,spotify:track:4guBZjUyrGoHsTahO3IHdj,https://api.spotify.com/v1/tracks/4guBZjUyrGoHsTahO3IHdj,https://api.spotify.com/v1/audio-analysis/4guBZjUyrGoHsTahO3IHdj,116240,4,1,Rap
0.689,0.723,0,-4.052,0,0.0836,0.0985,0.0,0.158,0.288,160.042,audio_features,58TaFP5j5i9swOf584yon2,spotify:track:58TaFP5j5i9swOf584yon2,https://api.spotify.com/v1/tracks/58TaFP5j5i9swOf584yon2,https://api.spotify.com/v1/audio-analysis/58TaFP5j5i9swOf584yon2,217828,4,1,Rap
0.671,0.529,0,-7.226,1,0.307,0.0769,0.000335,0.0856,0.203,161.989,audio_features,4VXIryQMWpIdGgYR4TrjT1,spotify:track:4VXIryQMWpIdGgYR4TrjT1,https://api.spotify.com/v1/tracks/4VXIryQMWpIdGgYR4TrjT1,https://api.spotify.com/v1/audio-analysis/4VXIryQMWpIdGgYR4TrjT1,165820,4,1,Rap
0.914,0.572,2,-8.82,1,0.166,0.0709,0.00237,0.0599,0.203,123.963,audio_features,156LzfvMNKuXuiot4uzhGD,spotify:track:156LzfvMNKuXuiot4uzhGD,https://api.spotify.com/v1/tracks/156LzfvMNKuXuiot4uzhGD,https://api.spotify.com/v1/audio-analysis/156LzfvMNKuXuiot4uzhGD,265480,4,1,Rap
0.823,0.552,4,-7.57,0,0.324,0.0174,0.0,0.122,0.418,124.038,audio_features,2u3EyuCqqV31woqGvO9LBz,spotify:track:2u3EyuCqqV31woqGvO9LBz,https://api.spotify.com/v1/tracks/2u3EyuCqqV31woqGvO9LBz,https://api.spotify.com/v1/audio-analysis/2u3EyuCqqV31woqGvO9LBz,205760,4,1,Rap
0.605,0.618,1,-5.829,1,0.0826,0.137,0.0,0.136,0.192,124.058,audio_features,4ESb0KJHVCoAS7fvI8p7ho,spotify:track:4ESb0KJHVCoAS7fvI8p7ho,https://api.spotify.com/v1/tracks/4ESb0KJHVCoAS7fvI8p7ho,https://api.spotify.com/v1/audio-analysis/4ESb0KJHVCoAS7fvI8p7ho,240550,4,1,Rap
0.465,0.84,0,-4.35,1,0.0722,0.125,0.0,0.138,0.672,83.981,audio_features,6eiztdXRkooWsBt2xToMWI,spotify:track:6eiztdXRkooWsBt2xToMWI,https://api.spotify.com/v1/tracks/6eiztdXRkooWsBt2xToMWI,https://api.spotify.com/v1/audio-analysis/6eiztdXRkooWsBt2xToMWI,142026,4,1,Rap
